ticker,company,acquirer,ann_date,close_date,deal_size_m,per_share,max_cvr,has_cvr,payment,premium,ann_to_close_days,data_quality,ret_3m,ret_6m,ret_12m,ret_24m,stage,offer_low,offer_high,offer_ccy,n_parties,direction,first_contact,eng_to_deal_days,leaked_early,leak_detail,llm_error,inflections
no_ticker,SCHERING AKTIENGESELLSCHAFT,Bayer Aktiengesellschaft,2006-03-23,2006-10-27,17335.8,89.36,89.36,False,cash,,218,ok,,,,,Marketed products + Pipeline,77.0,89.36,EUR,3,inbound,2006-03-13,10,True,PharmaTimes + recurring rumors since early 2000s,,Merck KGaA unsolicited EUR 77.00 bid | Bayer AG friendly EUR 86.00 counter-offer | Bayer purchase of 21.8% stake from Merck | Domination Agreement and Mandatory Offer
VBAC,VIRBAC CORPORATION,Virbac S.A.,2006-08-08,2006-11-01,130.2,5.75,5.75,False,cash,0.3723,85,ok,-0.0368,-0.0477,0.6115,0.6431,Commercial + R&D pipeline,4.15,5.75,USD,1,inbound,2005-12-12,239,False,,,
ANOR,AnorMED Inc.,Genzyme Corporation,2006-08-30,2006-11-07,566.7,13.5,13.5,False,cash,1.1061,69,ok,-0.0601,0.1246,,,Phase 3 lead + Phase 1/2 clinical,8.55,12.0,USD,3,both,2005-10-01,333,True,BioWorld Today/The Street + 10 months early,,Genzyme unsolicited $8.55 bid | Millennium $12.00 white knight agreement
MYOG,"Myogen, Inc.","Gilead Sciences, Inc.",2006-10-02,2006-11-17,2280.6,52.5,52.5,False,cash,0.5,46,ok,0.0968,-0.1459,0.7057,3.2169,Phase 3 lead + Phase 2b,44.0,52.5,USD,3,both,2006-04-01,184,False,,,Phase 3 ambrisentan results | GSK collaboration agreement
KOSP,KOS PHARMACEUTICALS INC,Abbott Laboratories,2006-11-06,2006-12-13,3715.2,78.0,78.0,False,cash,0.6016,37,ok,0.264,0.0875,-0.238,0.1056,Marketed products + Phase 3 pipeline,60.0,78.0,USD,10,both,2006-09-26,41,False,,,
CTRX,COTHERIX INC,Actelion Ltd.,2006-11-19,2007-01-09,388.6,13.5,13.5,False,cash,2.4884,51,ok,0.3299,,,,Marketed lead asset + Phase 2,10.0,13.5,USD,3,inbound,2006-08-10,101,False,,,Ventavis (iloprost) marketing approval | ACTIVE Trial Phase 2 initiation
PRCS,PRAECIS PHARMACEUTICALS INCORPORATED,GlaxoSmithKline plc,2006-12-21,2007-02-16,53.7,5.0,5.0,False,cash,1.4038,57,ok,0.04,-0.6127,-0.4774,-0.7663,Phase 1 lead + 1 marketed drug (EU),4.29,5.0,USD,100,both,2005-10-18,429,False,,,Strategic restructuring and 60% workforce reduction | Execution of Pilot Study and Option Agreement with GSK | Engagement of Canaccord Adams for strategic options | Divestiture of Plenaxis assets to SEP
NRPH,NEW RIVER PHARMACEUTICALS INC,Shire plc,2007-02-20,2007-04-19,2371.3,64.0,64.0,False,cash,0.15,58,ok,0.1664,1.204,0.6662,3.6375,Approved lead asset (VYVANSE),61.5,64.0,USD,15,both,2005-01-31,750,True,The Economic Times/Bloomberg + 1 month early,,"VYVANSE FDA approval Feb 23, 2007 | 74.8% share price increase Oct 2006"
MEDI,"MedImmune, Inc.",AstraZeneca PLC,2007-04-23,2007-06-18,13812.2,58.0,58.0,False,cash,0.7004,56,ok,0.0656,0.1881,-0.0593,0.3434,Marketed products + Phase 3 lead,50.0,58.0,USD,20,outbound,2007-03-23,31,True,FierceBiotech/Washington Business Journal reported sale pressure 4 months early,,Public announcement of strategic review | News leak regarding sale process | AstraZeneca final binding proposal
BIVN,"BIOENVISION, INC.",Genzyme Corporation,2007-05-29,2007-10-10,308.2,5.6,5.6,False,cash,0.5135,134,ok,-0.2292,-0.3058,-0.4334,-0.3984,Marketed lead asset + Phase 3,5.25,5.6,USD,21,both,2004-06-01,1092,False,,,Clofarabine European approval | SRI Amendment improving economic terms | Genzyme withdrawal from 2006 discussions | Company A non-binding proposal
DIGE,DIGENE CORPORATION,QIAGEN N.V.,2007-06-03,2007-07-30,1498.3,61.25,61.25,False,mixed,0.3324,57,ok,-0.0751,-0.0265,0.0736,0.8425,Marketed diagnostic franchise,58.0,61.25,USD,12,both,2007-01-08,146,False,,,Merger announcement with QIAGEN
COLY,"Coley Pharmaceutical Group, Inc.",Pfizer Inc.,2007-11-16,2008-01-04,213.9,8.0,8.0,False,cash,1.6936,49,ok,-0.1081,-0.7039,-0.7715,-0.8089,Phase 2/3 lead + clinical adjuvant platform,6.25,8.0,USD,3,outbound,2007-07-16,123,False,,,Pfizer discontinues two Phase III trials of PF-3512676 | Coley and Pfizer enter license agreement for PF-3512676
NTOL,"NATROL, INC.",Plethico Pharmaceuticals Limited,2007-11-18,2007-12-28,62.8,4.4,4.4,False,cash,0.3968,40,ok,-0.2125,0.0096,0.575,0.3404,"Commercial, multiple marketed nutraceutical brands",3.5,4.4,USD,1,inbound,2007-04-17,215,False,,,Acquisition of Nu Hair and Shen Min brands | Acquisition of Medical Research Institute (MRI) | Disappointing Q3 financial results
ARXT,"Adams Respiratory Therapeutics, Inc.",Reckitt Benckiser Group plc,2007-12-10,2008-01-29,2161.2,60.0,60.0,False,cash,0.3905,50,ok,0.0368,0.1075,0.0196,0.0141,Commercial consumer healthcare portfolio,48.0,60.0,USD,10,both,2007-10-08,63,False,,,
MOGN,MGI PHARMA INC,"Eisai Co., Ltd.",2007-12-10,2008-01-28,3332.0,41.0,41.0,False,cash,0.3703,49,ok,0.3286,0.4007,0.5764,0.7938,2 marketed drugs + NDA filing,33.0,41.0,USD,19,inbound,2006-09-25,441,False,,,Aloxi and Dacogen commercialization | Saforis NDA filing | Strategic review announcement
ENCY,ENCYSIVE PHARMACEUTICALS INC,Pfizer Inc.,2008-02-20,2008-06-10,190.3,2.35,2.35,False,cash,2.4559,111,ok,-0.5342,-0.6683,-0.8152,-0.9254,"Marketed (EU/AU/CA), Phase 3 (US)",1.25,2.35,USD,70,outbound,2007-10-09,134,True,GlobeNewswire/24/7 Wall St. 7-8 months early,,Third FDA approvable letter for THELIN | Board forms Strategic Options Committee | Morgan Stanley engaged for sale process | Receipt of eleven preliminary bids
CGPI,COLLAGENEX PHARMACEUTICALS INC,Galderma Pharma S.A.,2008-02-26,2008-04-10,358.2,16.6,16.6,False,cash,0.4128,44,ok,0.1353,-0.0361,-0.188,-0.1172,Marketed lead asset (Oracea),12.5,16.6,USD,14,both,2005-07-01,970,False,,,Oracea commercialization | Galderma acquisition proposal
MLNM,"Millennium Pharmaceuticals, Inc.",Takeda Pharmaceutical Company Limited,2008-04-10,2008-05-14,8167.6,25.0,25.0,False,cash,0.9113,34,ok,-0.1321,0.3146,0.2293,0.393,Marketed lead asset + Phase 2 and IND pipeline,23.0,25.0,USD,1,inbound,2007-07-10,275,True,Reuters/Forbes/Bloomberg reported Japanese firm interest 3-4 months early,,VELCADE approval/label expansion | Transition to profitability in 2008 | Eisai acquisition of MGI Pharma (sector tailwind)
SIRT,"Sirtris Pharmaceuticals, Inc.",GlaxoSmithKline plc,2008-04-22,2008-06-05,658.5,22.5,22.5,False,cash,1.0872,44,ok,-0.2322,-0.3479,-0.1438,,Clinical/Pre-clinical SIRT1 activation platform,18.5,22.5,USD,2,both,2006-02-06,806,False,,,
USNA,"USANA HEALTH SCIENCES, INC.",Gull-Unity Holding Corp.,2008-05-13,,426.2,26.0,26.0,False,cash,0.2334,,ok,-0.574,-0.525,-0.4941,-0.433,Marketed nutritional supplements,26.0,26.0,USD,1,inbound,2007-06-01,347,False,,,
TWTI,"Third Wave Technologies, Inc.","Hologic, Inc.",2008-06-09,2008-07-17,509.9,11.25,11.25,False,cash,0.3267,38,ok,0.0574,-0.0546,0.6498,2.0614,PMA Submission (HPV tests) + FDA Cleared (Cystic Fibrosis),4.75,11.25,USD,11,both,2008-03-28,73,False,,,Achievement of clinical endpoints in HPV test trials | PMA Submission for HPV Cervista High Risk screening assay
TARO,TARO PHARMACEUTICAL INDUSTRIES LTD.,Sun Pharmaceutical Industries Ltd.,2008-06-25,,305.8,7.75,7.75,False,cash,-0.0663,,ok,-0.0119,0.1528,0.1067,-0.2177,"Commercial, generic product pipeline",7.75,7.75,USD,4,inbound,2006-01-01,906,False,,,2007 dramatic financial turnaround | Termination of 2007 Merger Agreement | Sun purchase of Brandes block at $10.25 | Sun purchase of Harel block at $9.50
DNA,GENENTECH INC,Roche Holding Ltd,2008-07-21,2009-03-26,100074.3,95.0,95.0,False,cash,0.2707,248,ok,-0.0568,0.101,-0.0009,-0.0671,Marketed products + Phase 3 pipeline,86.5,95.0,USD,1,inbound,2007-12-01,233,True,The Wall Street Journal + 8 months early (June 2008),,Adjuvant Colon Cancer (C-08) trial data | Release of 2008 Financial Plan | Rejection of $89.00 proposal | Positive clinical data release
SCRX,"SCIELE PHARMA, INC.","Shionogi & Co., Ltd.",2008-09-01,2008-10-09,1003.0,31.0,31.0,False,cash,0.6333,38,ok,-0.1081,-0.2215,-0.1861,0.0747,Marketed lead asset (Sular),28.5,31.0,USD,6,inbound,2008-04-29,125,False,,,Shionogi acquisition announcement
GNLB,"GENELABS TECHNOLOGIES, INC.",GlaxoSmithKline plc,2008-10-29,2009-01-07,57.0,1.3,1.3,False,cash,1.766,70,ok,-0.3088,-0.4471,-0.7526,-0.6968,Late-stage (Prestara) + Discovery/Preclinical (HCV),1.03,1.3,USD,23,both,2008-09-19,40,False,,,
ALO,ALPHARMA INC,"King Pharmaceuticals, Inc.",2008-11-24,2008-12-29,1547.6,37.0,37.0,False,cash,0.2568,35,ok,0.1838,0.15,0.4161,0.3255,NDA / Priority Review lead + 1 marketed drug,33.0,37.0,USD,3,inbound,2008-07-11,136,True,Forbes + 3 months early,,EMBEDA NDA / Priority Review | ELADUR Phase 2 licensing deal | Kadian divestiture to Actavis
OMRI,"Omrix Biopharmaceuticals, Inc.",Johnson & Johnson,2008-11-24,,428.3,25.0,25.0,False,cash,0.6949,,ok,-0.2245,-0.0527,-0.558,-0.4801,Phase 3 lead + 2 marketed products,21.0,25.0,USD,4,both,2008-08-01,115,True,Globes + 3 months early,,
MEMY,MEMORY PHARMACEUTICALS CORP,Hoffmann-La Roche Inc.,2008-11-25,2009-01-05,50.2,0.61,0.61,False,cash,3.19,41,ok,-0.7667,-0.8056,-0.9255,-0.9739,Phase 2 lead + Phase 1 and 2 assets,0.55,0.61,USD,2,inbound,2008-10-21,35,False,,,
ENDP,"Indevus Pharmaceuticals, Inc.",Endo Pharmaceuticals Holdings Inc.,2009-01-05,2009-03-23,351.8,4.5,7.5,True,cash,0.8672,77,ok,0.2751,0.7464,-0.6752,-0.6461,1 approved drug + Phase 3/NDA lead assets,6.5,7.5,USD,1,inbound,2008-09-19,108,False,,,FDA Complete Response Letter for NEBIDO (June 2008)
TARG,Targanta Therapeutics Corporation,The Medicines Company,2009-01-12,2009-02-25,42.0,2.0,6.55,True,mixed,0.9231,44,ok,-0.8482,-0.8562,-0.8861,,Phase 3 (Complete Response Letter received),1.8,6.55,USD,26,outbound,2008-09-02,132,False,,,FDA advisory committee negative vote | FDA Complete Response Letter for oritavancin | Stock price drop of 82% following FDA panel
IDMI,"IDM PHARMA, INC.",Takeda Pharmaceutical Company Limited,2009-05-18,2009-06-24,66.7,2.64,2.64,False,cash,0.427,37,ok,0.0054,0.1078,-0.1886,-0.4182,Approved (Europe) / Phase 3 (US),1.94,2.64,USD,50,outbound,2006-12-08,892,False,,,FDA ODAC negative vote on MEPACT | CHMP positive opinion for MEPACT in Europe
CGRB,"Cougar Biotechnology, Inc.",Johnson & Johnson,2009-05-21,2009-07-03,894.0,43.0,43.0,False,cash,0.2729,43,ok,0.1521,0.2619,0.7243,0.3743,"Phase 3 lead, pre-revenue",28.0,43.0,USD,20,outbound,2008-11-14,188,True,Rodman & Renshaw analyst note 1 month early,,FDA Special Protocol Assessment (SPA) for abiraterone acetate | Phase 3 clinical trial initiation for prostate cancer
MGRM,"Monogram Biosciences, Inc.",Laboratory Corporation of America Holdings,2009-06-23,2009-08-04,104.8,4.55,4.55,False,cash,0.82,42,ok,-0.1197,0.1111,-0.6212,-0.7535,Commercial (HIV and Oncology diagnostics),3.0,4.55,USD,1,inbound,2008-10-31,235,False,,,Scientific diligence on VeraTag oncology platform | Re-evaluation of 0% notes 'put right' cost | Maturing $55M convertible debt obligations
NOVN,NOVEN PHARMACEUTICALS INC,"Hisamitsu Pharmaceutical Co., Inc.",2009-07-14,2009-08-20,413.5,16.5,16.5,False,cash,0.3819,37,ok,0.2425,0.0437,0.0538,-0.4021,Marketed product + Phase 2 lead asset,14.0,16.5,USD,1,inbound,2009-03-25,111,False,,,Daytrana peel force issues | Generic challenges to Novogyne JV | Positive Phase 2 results for Mesafem
AVGN,"Avigen, Inc.","MediciNova, Inc.",2009-08-21,2009-12-15,31.9,1.19,1.24,True,mixed,-0.0916,116,ok,0.0826,0.4086,-0.5932,-0.7718,Phase 2 lead + 1 failed Phase 2 asset,1.0,1.24,USD,3,both,2008-12-08,256,True,Greenbackd/PR Newswire + 8 months early,,AV650 trial failure (Oct 2008) | AV513 asset sale to Baxter (Dec 2008) | BVF hostile tender offer launch (Jan 2009) | MediciNova definitive merger agreement (Aug 2009)
SEPR,Sepracor Inc.,"Dainippon Sumitomo Pharma Co., Ltd.",2009-09-03,2009-10-20,2552.8,23.0,23.0,False,cash,0.3143,47,ok,0.3198,0.1513,-0.0046,-0.3737,Marketed products + Phase 3 lead,15.0,23.0,USD,7,both,2009-05-27,99,True,BioCentury/Analysts + 2-5 years early,,Lunesta pediatric exclusivity extension | SEP-225289 Phase 2 trial failure | Strong Q2 results and synergy value | Stedesa Phase 3 / NDA status
CHTT,CHATTEM INC,sanofi-aventis,2009-12-21,2010-03-10,1774.6,93.5,93.5,False,cash,0.4073,79,ok,0.0773,0.177,-0.041,-0.1182,Marketed OTC portfolio + Rx-to-OTC switch platform,85.0,93.5,USD,1,inbound,2009-08-28,115,False,,,Sanofi-aventis acquisition announcement
OSIP,OSI PHARMACEUTICALS INC,"Astellas US Holding, Inc.",2010-03-01,2010-06-08,3426.1,57.5,57.5,False,cash,0.6803,99,ok,0.0621,0.0127,-0.0388,-0.0694,Marketed lead + Phase 3 pipeline,52.0,57.5,USD,2,inbound,2009-01-14,411,True,Astellas/Reuters + 14 months early,,Astellas public hostile tender offer | FDA approval of Tarceva for first-line maintenance | OSI Board rejection of $52.00 offer
PPCO,PENWEST PHARMACEUTICALS CO,Endo Pharmaceuticals Holdings Inc.,2010-08-09,2010-11-04,159.7,5.0,5.0,False,cash,0.5291,87,ok,-0.0942,0.2925,0.2625,-0.1886,Marketed product + Phase 2 lead asset,4.0,5.0,USD,1,inbound,2010-07-23,17,True,Reuters/Bloomberg + 2 months early,,Endo NDA for non-Penwest TRF Product | Tang Capital proxy contest victory | Board mandate to wind down and return capital
ZGEN,"ZYMOGENETICS, INC.",Bristol-Myers Squibb Company,2010-09-07,2010-10-12,844.2,9.75,9.75,False,cash,1.3897,35,ok,-0.157,-0.2062,-0.2139,-0.4365,Phase 2 lead + 1 marketed product,8.0,9.75,USD,1,inbound,2008-07-24,775,False,,,Global collaboration with BMS for PEG-IFN-lambda | Phase 2 development of PEG-IFN-lambda | Commercialization of RECOTHROM | Phase 2 development of IL-21
GENZ,GENZYME CORP,sanofi-aventis,2010-10-04,2011-04-08,19165.3,74.0,,False,mixed,0.0498,186,ok,0.4762,0.228,0.2326,0.0913,Phase 3 lead + 2 approved drugs,69.0,74.0,USD,3,inbound,2010-07-29,67,True,Bloomberg/WSJ + 7 months early,,Manufacturing supply issues (Cerezyme/Fabrazyme) | Alemtuzumab Phase 3 clinical progress | Sanofi unsolicited $69.00 tender offer
KG,KING PHARMACEUTICALS INC,Pfizer Inc.,2010-10-11,2011-02-28,3561.9,14.25,14.25,False,cash,0.5208,140,ok,0.1742,-0.2419,-0.1185,0.1358,Commercial with marketed products (Altace) + pipeline,11.0,14.25,USD,5,both,2010-06-03,130,True,Wall Street Journal/Barron's 4 months early,,
EURX,EURAND N.V.,Axcan Holdings Inc.,2010-12-01,2011-01-20,576.2,12.0,12.0,False,cash,0.0949,50,ok,0.3786,0.0641,-0.171,0.4811,Marketed lead asset + Phase 3/Pending FDA,11.0,12.0,USD,26,both,2010-07-13,141,False,,,ZENPEP market share projections | Ultrase/Ultresa FDA approval delays
CYPB,CYPRESS BIOSCIENCE INC,Ramius Value and Opportunity Advisors LLC,2010-12-14,2010-12-14,250.8,6.5,6.5,False,cash,0.6332,0,ok,0.0446,-0.0613,-0.3311,-0.3288,Phase 2b lead + 1 marketed drug (royalty interest),4.0,6.5,USD,3,inbound,2010-05-27,201,True,Business Wire reported Ramius's $4.00 offer 5 months early,,License agreement with BioLineRx for CYP-1020 | Ramius unsolicited $4.00 per share proposal | Ramius hostile tender offer at $4.25 | Cypress Board strategic alternatives evaluation
MTXX,"MATRIXX INITIATIVES, INC.","H.I.G. Capital, LLC",2010-12-14,2011-02-18,82.2,8.75,8.75,False,cash,0.6478,66,ok,0.1543,0.1274,0.4011,-0.6616,Marketed OTC products + product recall status,6.5,8.75,USD,1,inbound,2010-01-20,328,False,,,FDA warning letter and product recall | Settlement of $15.5M personal injury litigation
MATK,MARTEK BIOSCIENCES CORPORATION,Koninklijke DSM N.V.,2010-12-21,2011-02-25,1056.3,31.5,31.5,False,cash,0.4266,66,ok,0.0667,0.1639,0.2192,-0.2317,Marketed products (ARA + Amerifit),27.0,31.5,USD,5,both,2009-12-08,378,False,,,
CLDA,CLINICAL DATA INC,"Forest Laboratories, Inc.",2011-02-22,2011-04-12,932.7,30.0,36.0,True,cash,0.996,49,ok,-0.2005,0.0931,-0.0571,0.8,Approved lead asset + Phase 3 pipeline,24.0,30.0,USD,24,outbound,2009-04-16,677,False,,,FDA approval of Viibryd | Hiring J.P. Morgan for strategic alternatives | Company A offer of $24.00/share
ISPH,"Inspire Pharmaceuticals, Inc.","Merck & Co., Inc.",2011-04-05,2011-05-16,416.5,5.0,5.0,False,cash,0.25,41,ok,-0.4278,-0.1935,-0.3559,-0.1111,Phase 3 (failed) lead + 2 marketed drugs,4.4,5.0,USD,4,outbound,2011-02-23,41,False,,,Denufosol Phase 3 trial failure | Merck acquisition announcement
ICGN,ICAGEN INC,Pfizer Inc.,2011-07-20,2011-10-27,53.1,6.0,6.0,False,cash,1.8037,99,ok,-0.2045,0.4759,-0.3631,-0.3313,Phase 2 lead + Pre-clinical,4.0,6.0,USD,43,both,2011-04-13,98,False,,,Pfizer 13D filing disclosing strategic evaluation | Nav 1.7 Program partnership with Pfizer | ICA-105665 Phase 2 development
ANDS,"Anadys Pharmaceuticals, Inc.",Roche Holding Ltd,2011-10-17,2011-11-23,211.6,3.7,3.7,False,cash,2.8947,37,ok,0.0215,-0.1593,-0.4663,-0.5701,Phase 2 lead + clinical secondary asset,3.0,3.7,USD,15,outbound,2010-08-25,418,True,FierceBiotech/Reuters + 17 months early (Strategic Review announcement),,Phase IIa clinical data for setrobuvir | Pricing of $25M public offering | Clinical collaboration agreement with Party A | Unblinded 12-week Phase IIb data for setrobuvir
ADLR,ADOLOR CORPORATION,"Cubist Pharmaceuticals, Inc.",2011-10-24,2011-12-12,198.1,4.25,8.75,True,cash,1.4566,49,ok,-0.0281,0.2014,0.5727,0.1931,Phase 2 lead + 1 approved drug,4.0,4.25,USD,11,both,2011-03-30,208,False,,,Positive Phase 2 results for ADL5945
VRUS,Pharmasset Inc,"Gilead Sciences, Inc.",2011-11-21,2012-01-17,10376.1,137.0,137.0,False,cash,,57,ok,,,,,Phase 3 lead + Phase 2b assets,100.0,137.0,USD,5,both,2011-06-20,154,False,,,AASLD conference data for PSI-7977 | Commencement of late-stage clinical trials for PSI-7977
MITI,"MICROMET, INC.",Amgen Inc.,2012-01-26,2012-03-07,1016.1,11.0,11.0,False,cash,,41,ok,,,,,Phase 2 lead + BiTE platform,9.0,11.0,USD,28,both,2011-01-10,381,True,Industry Analysis + 6 months early,,Solid tumor BiTE collaboration with Amgen | Initiation of formal partnering process for blinatumomab | Amgen acquisition proposal
AMLN,AMYLIN PHARMACEUTICALS INC,Bristol-Myers Squibb Company,2012-06-29,2012-08-08,5076.8,31.0,31.0,False,cash,0.1597,40,ok,0.5613,1.6918,0.9874,0.4363,"Commercial, 2 approved drugs + Phase 2/3 pipeline",22.0,31.0,USD,12,both,2012-02-15,135,True,Bloomberg + 3 months early,,Termination of Eli Lilly collaboration | FDA approval of BYDUREON | Bloomberg report of rejected $22.00 BMS bid | Initiation of formal auction process
DUSA,"DUSA PHARMACEUTICALS, INC.",Sun Pharmaceutical Industries Limited,2012-11-08,2012-12-20,200.2,8.0,8.0,False,cash,0.1747,42,ok,0.2801,0.1542,0.8356,1.5894,"Marketed products (Levulan Kerastick, BLU-U) + Phase 2 label expansion",6.98,8.0,USD,30,outbound,2012-05-11,181,False,,,
MAPP,"MAP Pharmaceuticals, Inc.","Allergan, Inc.",2013-01-22,2013-03-01,889.2,25.0,25.0,False,cash,,38,ok,,,,,NDA Resubmission (PDUFA April 2013),19.0,25.0,USD,2,inbound,2012-10-29,85,False,,,FDA accepts NDA resubmission for LEVADEX | Collaboration and Co-Promotion Agreements with Allergan
OMPI,"Obagi Medical Products, Inc.","Valeant Pharmaceuticals International, Inc.",2013-03-20,2013-04-25,418.4,24.0,24.0,False,cash,0.6795,36,ok,0.1129,0.072,0.1948,0.1441,"Commercial, marketed core product line",16.5,24.0,USD,12,both,2013-02-12,36,True,L.A. Business Journal reported Allergan/Medicis interest 3+ months early,,Unsolicited bid from Bidder C | Allergan acquisition of SkinMedica | Retention of professional advisors for strategic review | Amendment of merger agreement to $24.00
ELN,"ELAN CORPORATION, PLC",Royalty Pharma,2013-05-15,,,,,False,cash,,,ok,0.1615,0.1008,-0.1037,0.4163,Commercial (Tysabri royalty interest),11.0,15.5,USD,7,both,2013-02-22,82,True,Bloomberg/Reuters reported bids/rumors starting Jan 2009 and Feb 2013,,Sale of Tysabri interest to Biogen Idec | Royalty Pharma unsolicited approach | Launch of formal sale process
TSRX,Trius Therapeutics Inc,"Cubist Pharmaceuticals, Inc.",2013-07-30,2013-09-11,651.6,13.5,15.5,True,cash,0.6667,43,ok,0.1842,0.6946,0.4062,0.0858,Phase 3 / NDA preparation,12.25,13.5,USD,13,inbound,2012-07-24,371,True,Zacks Investment Research + 16 months early,,
ONXX,"Onyx Pharmaceuticals, Inc.",Amgen Inc.,2013-08-25,2013-10-01,9178.8,125.0,125.0,False,cash,-0.0509,37,ok,0.391,0.6755,0.6945,3.1237,3 approved drugs + Phase 3 lead asset,120.0,125.0,USD,13,inbound,2013-06-06,80,True,Reuters/BioSpace + 16 months early,,Amgen unsolicited $120 proposal | DMC FOCUS study continuation recommendation | Amgen demand for unblinded FOCUS data
SNTS,SANTARUS INC,"Salix Pharmaceuticals, Ltd.",2013-11-07,2014-01-02,2154.4,32.0,32.0,False,cash,0.4292,56,ok,0.0187,0.328,1.3519,6.8838,Marketed (Uceris) + Phase 3 (Ruconest),4.5,32.0,USD,16,both,2010-06-01,1255,False,,,Commercial success of Uceris | Ruconest regulatory pathway concerns | License Amendment with Cosmo Technologies
CADX,Cadence Pharmaceuticals Inc,Mallinckrodt plc,2014-02-10,2014-03-19,1248.6,14.0,14.0,False,cash (with contingent value right option),0.3605,37,ok,0.7441,0.3684,0.9126,1.5533,1 approved drug,11.25,14.0,USD,8,both,2013-11-11,91,False,,,Favorable patent infringement ruling vs Exela | Board approval of strategic transaction path | Execution of Merger Agreement with Mallinckrodt
CHTP,"Chelsea Therapeutics International, Ltd.",H. Lundbeck A/S,2014-05-08,2014-06-23,508.3,6.44,7.94,True,mixed,0.2105,46,ok,0.52,0.8219,1.7708,1.4182,1 approved drug (accelerated approval),6.44,6.44,USD,13,outbound,2013-04-12,391,True,Fierce Pharma + 1.5 months early,,FDA Complete Response Letter for Northera | FDA Advisory Committee 16-to-1 vote for approval | FDA accelerated approval for Northera
IDIX,"Idenix Pharmaceuticals, Inc.","Merck & Co., Inc.",2014-06-09,2014-08-05,3708.8,24.5,24.5,False,cash,3.7852,57,ok,-0.2536,0.177,0.4066,-0.4616,Phase 1/2 lead asset,7.18,24.5,USD,4,both,2013-12-01,190,True,FierceBiotech + 2 years early,,FDA clinical hold on IDX184 (Aug 2012) | Positive Phase I/II data for IDX21437 (April 2014)
CADI,Cadista Holdings Inc.,Jubilant Life Sciences Ltd.,2014-08-01,,188.5,1.6,1.6,False,cash,,,ok,,,,,Commercial + Marketed generic products,1.2,1.6,USD,2,inbound,2013-09-03,332,False,,,Loss of major retail customer for Methylprednisolone | Increased competition and pricing pressure for Meclizine | Requirement for $17 million in capital expenditures
ITMN,"INTERMUNE, INC.",Roche Holding Ltd,2014-08-24,2014-09-29,8020.6,74.0,74.0,False,cash,0.6264,36,ok,0.5335,1.7003,2.0681,4.7233,Phase 3 / NDA Resubmission,57.0,74.0,USD,5,inbound,2014-07-25,30,True,Reuters reported M&A interest 5 months early,,Positive top-line data from Phase 3 ASCEND study | Breakthrough Therapy designation from FDA | Public rumors of potential transaction
AMBI,AMBIT BIOSCIENCES CORP,"Daiichi Sankyo Company, Limited",2014-09-28,2014-11-10,270.0,15.0,19.5,True,cash,0.9815,43,ok,0.0955,-0.3061,-0.4401,,Phase 3 lead asset,12.0,15.0,USD,2,both,2013-12-16,286,False,,,
DRTX,"Durata Therapeutics, Inc.",Actavis plc,2014-10-06,2014-11-17,616.2,23.0,28.0,True,cash,0.5405,42,ok,-0.0686,0.0551,0.6756,0.5766,Approved lead asset + Phase 3 expansion,18.0,23.0,USD,7,both,2014-09-22,14,False,,,Positive Phase 3 data for dalbavancin | FDA approval of Dalvance (dalbavancin) | EMA approval and single-dose labeling milestones
AGN,ALLERGAN INC,Actavis plc,2014-11-16,2015-03-17,38355.7,129.22,219.0,True,mixed,-0.272,121,ok,0.0603,0.3253,0.956,1.0008,Phase 3 lead + 1 approved drug,153.0,219.0,USD,4,both,2014-04-21,209,True,WSJ + 18 months early (Oct 2012),,DARPin (abicipar pegol) Phase 3 | OZURDEX approval for DME | Valeant/Pershing Square hostile bid | Actavis white knight approach
AVNR,"AVANIR PHARMACEUTICALS, INC.","Otsuka Pharmaceutical Co., Ltd.",2014-12-02,2015-01-13,3294.8,17.0,17.0,False,cash,0.3138,42,ok,1.4554,1.7948,2.0234,4.035,1 marketed drug + Phase 2/3 pipeline,15.0,17.0,USD,5,inbound,2013-05-13,568,True,Bloomberg/JMP Group + 2 months early,,Positive Phase II results for AVP-923 in Alzheimer's agitation | FDA Complete Response Letter for AVP-825 | 85% stock surge following Alzheimer's data
CBST,Cubist Pharmaceuticals Inc.,"Merck & Co., Inc.",2014-12-08,2015-01-21,7795.0,102.0,102.0,False,cash,0.2521,44,ok,0.0193,0.0593,0.3458,0.919,Phase 3 lead + 4 approved drugs,85.0,102.0,USD,5,both,2014-05-05,217,False,,,Merger announcement with Merck
NPSP,"NPS Pharmaceuticals, Inc.",Shire plc,2015-01-11,2015-02-21,4994.7,46.0,46.0,False,cash,0.4706,41,ok,-0.0434,-0.0965,0.2669,2.5028,1 commercial drug + 1 pending FDA approval,41.0,46.0,USD,12,both,2014-11-14,58,True,Financial Times reported Shire interest 7 months early,,"Natpara PDUFA date (Jan 24, 2015) | Gattex commercialization"
SLXP,SALIX PHARMACEUTICALS LTD,"Valeant Pharmaceuticals International, Inc.",2015-02-22,2015-04-01,11115.0,173.0,173.0,False,cash,0.3739,38,ok,-0.1033,-0.0476,0.2848,1.5505,Marketed products + Phase 3 lead,150.0,173.0,USD,9,both,2015-01-20,33,True,The Wall Street Journal + 6 months early,,Santarus acquisition | Wholesaler inventory disclosure/CFO resignation | Xifaxan 550 Phase 3/FDA PDUFA | Cosmo Pharmaceuticals merger termination
ASPX,"Auspex Pharmaceuticals, Inc.",Teva Pharmaceutical Industries Ltd.,2015-03-30,2015-05-05,3215.3,101.0,101.0,False,cash,0.5021,36,ok,1.7751,1.9247,1.7223,,"Phase 3 lead, pre-revenue",85.0,101.0,USD,6,both,2013-06-01,667,False,,,Positive Phase 3 results for SD-809 in Huntington's disease chorea
ICEL,"CELLULAR DYNAMICS INTERNATIONAL, INC.",FUJIFILM Holdings Corporation,2015-03-30,2015-05-01,260.9,16.5,16.5,False,cash,2.0387,32,ok,-0.1773,-0.5253,-0.6353,-0.4645,Commercial (iCell Hepatocytes) + Development (Pharma Cellular Therapeutic),13.0,16.5,USD,9,outbound,2014-06-09,294,False,,,
HPTX,HYPERION THERAPEUTICS INC,Horizon Pharma plc,2015-03-30,2015-05-07,960.2,46.0,46.0,False,cash,0.5567,38,ok,0.4422,0.1427,-0.0468,0.1973,2 approved drugs + Phase 2/3 lead expansion,30.0,46.0,USD,5,both,2015-02-11,47,False,,,Settlement of Andromeda litigation | Strong fourth-quarter results | RAVICTI and BUPHENYL commercialization
PRGO,Perrigo Company plc,Mylan N.V.,2015-04-08,,10978.5,75.0,232.2,True,mixed,-0.5218,,ok,-0.0019,0.0722,-0.0465,0.3078,Marketed portfolio + Phase 3,205.0,205.0,USD,1,inbound,2014-06-01,311,False,,,Mylan unsolicited proposal disclosure
ASRT,"Depomed, Inc.",Horizon Pharma plc,2015-07-07,,57.3,0.95,27.54,True,stock,-0.9566,,ok,-0.0661,0.3647,0.754,2.5651,"Commercial with multiple approved drugs (NUCYNTA, Gralise)",29.25,33.0,USD,4,both,2015-05-27,41,False,,,Acquisition of NUCYNTA franchise from Janssen | Horizon Pharma unsolicited $29.25 per share proposal | California court preliminary injunction against Horizon | Starboard Value LP activist stake disclosure
RCPT (NASDAQ Global Market),"Receptos, Inc.",Celgene Corporation,2015-07-14,2015-08-27,7332.7,232.0,232.0,False,cash,0.3011,44,ok,0.1933,0.4849,3.4466,8.675,"Phase 3 lead, pre-revenue",175.0,232.0,USD,14,both,2013-08-28,685,True,Bloomberg reported sale process 3.5 months early,,Phase 2 RADIANCE interim analysis (Dec 2013) | Phase 2 RADIANCE primary endpoint met (June 2014) | TOUCHSTONE Phase 2 primary endpoint met (Oct 2014) | Media reports of sale process (April 2015)
INSV,INSITE VISION INCORPORATED,Sun Pharmaceutical Industries Ltd.,2015-09-15,2015-11-02,46.2,0.35,0.35,False,cash,0.5909,48,ok,0.5714,0.2222,-0.12,0.1,NDA Filed lead + 1 marketed drug,0.25,0.35,USD,36,both,2014-01-31,592,False,,,BromSite NDA filing | FDA acceptance of BromSite NDA | Strategic review initiation | Sun Pharma unsolicited proposal
ZSPH,"ZS Pharma, Inc.",AstraZeneca PLC,2015-11-06,2015-12-17,2274.2,90.0,90.0,False,cash,0.3455,41,ok,0.1351,0.6064,0.7351,,"NDA (Under FDA Review), lead asset ZS-9",83.0,90.0,USD,8,inbound,2015-09-11,56,True,Bloomberg reported Actelion offer 2 months early,,NDA submission for ZS-9 | Actelion takeover proposal leak | FDA approval of rival drug Veltassa | AstraZeneca acquisition announcement
OCAT,"Ocata Therapeutics, Inc.",Astellas Pharma Inc.,2015-11-10,2016-02-10,359.6,8.5,8.5,False,cash,0.8085,92,ok,-0.0996,-0.2911,-0.3247,-0.2167,Phase 1/2 lead asset,8.0,8.5,USD,11,both,2014-07-24,474,False,,,
BITI,Biotie Therapies Oyj,"Acorda Therapeutics, Inc.",2016-01-19,2016-04-11,289.0,0.2946,0.2946,False,cash,-0.979,83,ok,-0.1745,-0.4174,,,Phase 3 lead + 1 marketed drug,25.5,25.6,USD,7,both,2015-10-12,99,False,,,Tozadenant Phase 3 entry | Selincro marketing approval | Baupost Group 12.92% stake acquisition
ALR,ALERE INC.,Abbott Laboratories,2016-01-30,2017-10-03,4455.8,51.0,51.0,False,cash,0.3047,612,ok,-0.227,-0.2757,0.0435,0.0314,Commercial diagnostic platforms,46.0,51.0,USD,5,both,,,True,Reuters/Bloomberg reported unsolicited bid 16 months early,,Unsolicited $46.00/share take-private proposal from former CEO | Abbott Laboratories acquisition announcement | FTC and EC regulatory divestiture requirements
ALXA,Alexza Pharmaceuticals Inc.,"Grupo Ferrer Internacional, S.A.",2016-05-10,2016-06-21,19.6,0.9,2.56,True,mixed,0.8,42,ok,-0.0741,-0.5968,-0.7487,-0.8818,Approved/Commercial lead asset,0.6,0.9,USD,83,outbound,2015-09-28,225,True,SEC Filing/Press Release +2 months early,,Teva termination of U.S. marketing partnership | Default on Atlas Notes | Strategic alternatives exploration announcement | ADASUVE U.S. rights reacquisition
ANAC,"Anacor Pharmaceuticals, Inc.",Pfizer Inc.,2016-05-16,2016-06-24,4510.3,99.25,99.25,False,cash,0.5338,39,ok,-0.3098,,,,Phase 3 / NDA submitted lead + 1 marketed drug,82.0,99.25,USD,3,both,2016-04-15,31,False,,,Positive Phase 3 results for crisaborole | NDA submission for crisaborole | Pfizer acquisition announcement
XNPT,"XENOPORT, INC.","Arbor Pharmaceuticals, Inc.",2016-05-23,2016-07-05,448.9,7.03,7.03,False,cash,0.4289,43,ok,-0.0296,-0.0502,-0.3315,0.2148,Commercial with 1 approved drug + Phase 3 ready asset,5.65,7.03,USD,33,outbound,2016-03-29,55,True,FierceBiotech/FirstWord Pharma reported sale exploration 4 months early,,Phase 2 results for XP23829 | Strategic shift to focus on HORIZANT | Licensing of XP23829 to Dr. Reddy’s | Arbor final offer of $7.03
CPXX,Celator Pharmaceuticals Inc,Jazz Pharmaceuticals plc,2016-05-27,2016-07-12,1299.7,30.25,30.25,False,cash,1.0384,46,ok,0.0912,0.2114,0.364,4.5167,"Pre-commercial, Phase 3 lead",3.0,30.25,USD,41,both,2014-12-06,538,False,,,Positive Phase 3 trial results for VYXEOS (March 2016) | Jazz submits initial $20.00 per share indication (April 2016) | Receipt of four competing acquisition proposals (May 2016)
SGNT,"Sagent Pharmaceuticals, Inc.","Nichi-Iko Pharmaceutical Co., Ltd. (Japanese corporation)",2016-07-11,2016-08-29,715.8,21.75,21.75,False,cash,0.548,49,ok,0.0438,-0.0403,-0.4006,-0.4798,Commercial generic injectable portfolio + 20 pipeline ANDAs,20.32,21.75,USD,7,both,2016-01-31,162,True,Reuters reported sale consideration 6 months early,,CEO Jeffrey Yordon retirement announcement | Reuters report of potential sale and advisor hire | Acquisition of 5 ANDAs from Teva/Actavis | Launch of Chlorothiazide Sodium and Amikacin Sulfate
RLYP,"Relypsa, Inc.",Galenica AG,2016-07-21,2016-09-01,1436.2,32.0,32.0,False,cash,0.7877,42,ok,0.3299,-0.3589,-0.4749,-0.238,Approved / Commercial,29.0,32.0,USD,4,both,2014-05-06,807,True,StreetInsider/Reuters + 3-7 months early,,FDA approval of Veltassa | Reuters reports sale exploration | AstraZeneca FDA CRL for competitor ZS-9 | Public announcement of Merger Agreement
MDVN,"MEDIVATION, INC.",Pfizer Inc.,2016-08-22,2016-09-28,13527.4,81.5,81.5,False,cash,0.3013,37,ok,0.1898,0.6635,-0.3906,-0.3137,Marketed lead asset + Phase 3 pipeline,52.5,81.5,USD,15,inbound,2016-04-20,124,True,Bloomberg/Reuters + 4 months early,,
RPTP,Raptor Pharmaceutical Corp,Horizon Pharma plc,2016-09-12,2016-10-25,771.6,9.0,9.5,True,cash with contingent value rights (CVR),0.3274,43,ok,0.5953,0.6992,-0.4879,-0.3914,1 approved drug + 1 drug approved in EU/Canada under FDA review,9.0,9.0,USD,3,outbound,,,True,Reuters reported sale exploration 5 months early,,Phase 2b CyNCh study failure in pediatric NASH | NIDDK data presentation at AASLD | QUINSAIR launch in Europe | Horizon Pharma acquisition announcement
VTAE,"Vitae Pharmaceuticals, Inc.",Allergan plc,2016-09-14,2016-10-25,605.7,21.0,21.0,False,cash,1.4334,41,ok,0.3505,0.0058,0.0423,0.0855,Phase 2 lead,20.5,21.0,USD,38,both,2016-01-01,257,False,,,VTP-43742 Phase 2a top-line results
TBRA,"Tobira Therapeutics, Inc.",Allergan plc,2016-09-20,2016-11-01,533.9,28.35,78.19,True,cash,4.8214,42,ok,-0.4104,-0.2993,-0.6341,-0.5335,Phase 2b lead asset,28.35,28.35,USD,11,inbound,2016-06-21,91,False,,,Phase 2b CENTAUR trial results
ARIA,ARIAD PHARMACEUTICALS INC,Takeda Pharmaceutical Company Limited,2017-01-09,2017-02-16,4669.9,24.0,24.0,False,cash,0.8927,38,ok,0.2456,0.5333,1.0959,1.0321,1 marketed drug + 1 NDA review asset,20.0,24.0,USD,5,both,2015-05-01,619,True,Bloomberg reported Baxalta talks 16 months early; FiercePharma rumors 3 years early,,Divestiture of European operations to Incyte | Brigatinib NDA Review / FDA PDUFA date set | Iclusig relaunch following FDA safety suspension
CLCD,"CoLucid Pharmaceuticals, Inc.",Eli Lilly and Company,2017-01-18,2017-03-01,896.7,46.5,46.5,False,cash,0.2863,42,ok,0.2851,4.2089,4.3397,3.5187,Phase 3 lead,42.7,46.5,USD,50,both,2016-09-06,134,False,,,Positive top-line results from SAMURAI Phase 3 trial
NBRV,Nabriva Therapeutics AG,Nabriva Therapeutics plc,2017-04-18,2017-06-23,2.3,1.0,10.15,True,stock,,66,suspect_feed,1.2417,0.5333,0.3039,,Phase 3 lead,,,USD,1,outbound,2017-04-11,7,False,,,
PTHN,Patheon N.V.,Thermo Fisher Scientific Inc.,2017-05-15,2017-08-29,5079.8,35.0,35.0,False,cash,0.3576,106,ok,-0.0929,-0.0632,,,Commercial CDMO services,33.0,35.0,USD,2,inbound,2017-02-28,76,False,,,
KITE,"Kite Pharma, Inc.","Gilead Sciences, Inc.",2017-08-28,2017-10-03,10333.8,180.0,180.0,False,cash,0.6154,36,ok,0.3576,1.3004,0.9677,1.0628,Registration/Pre-approval lead asset,127.0,180.0,USD,1,inbound,2017-01-01,239,True,Endpoints News + 7 months early,,Novartis CAR-T FDA advisory committee vote | Axi-cel nearing FDA approval | J.P. Morgan Healthcare Conference discussions
DMTX,"Dimension Therapeutics, Inc.",Ultragenyx Pharmaceutical Inc.,2017-10-03,2017-11-07,151.2,6.0,6.0,False,cash,0.7241,35,ok,2.0261,0.8811,-0.4092,-0.7159,Phase 1/2 lead + multiple pre-clinical,1.4,6.0,USD,21,both,2017-09-18,15,False,,,DTX101 interim topline results failure | REGENXBIO definitive agreement announcement | Ultragenyx unsolicited cash proposal
AAAP,Advanced Accelerator Applications S.A.,Novartis AG,2017-10-30,2018-01-22,3629.1,41.0,41.0,False,cash,-0.3937,84,ok,0.7321,0.6964,0.7757,1.415,"Approved (EU) / NDA Resubmitted (US), lead asset Lutathera",62.5,82.0,USD,2,inbound,2017-07-27,95,True,Bloomberg +1 month early (2017-09-27),,Lutathera European approval | Lutathera NDA resubmission (US)
OCRX,"Ocera Therapeutics, Inc.",Mallinckrodt plc,2017-11-02,2017-12-11,40.3,1.52,4.1,True,cash,0.3333,39,ok,-0.0172,-0.1298,-0.5682,-0.6667,"Phase 2b, pre-revenue",1.52,1.52,USD,34,both,2017-01-09,297,False,,,Phase 2b STOP-HE trial failed primary endpoint | Strategic Committee established to explore alternatives | Party A withdraws $1.60/share proposal | Mallinckrodt submits final $1.52/share + CVR offer
RPRX,REPROS THERAPEUTICS INC.,Allergan plc,2017-12-12,2018-01-31,26.5,0.67,0.67,False,cash,0.6341,50,ok,0.1714,-0.5119,-0.7735,-0.6772,Phase 3 (Enclomiphene) and Phase 2 (Proellex),0.45,0.67,USD,6,inbound,2017-04-01,255,False,,,Enclomiphene regulatory review (EMA) | Proellex Phase 2 development
RXDX,"Ignyta, Inc.","Roche Holdings, Inc.",2017-12-22,2018-02-08,1826.7,27.0,27.0,False,cash,0.6187,48,ok,0.7935,1.4174,1.4529,0.2211,Phase 2 lead asset,23.0,27.0,USD,26,both,2016-05-17,584,False,,,Anticipated dual NDA submissions in 2018 | Positive clinical data for entrectinib
SCMP,"Sucampo Pharmaceuticals, Inc.",Mallinckrodt plc (Irish public limited company),2017-12-26,2018-02-13,851.3,18.0,18.0,False,cash,0.7062,49,ok,-0.0664,0.0293,-0.3344,-0.4093,Commercial with 1 approved drug + Phase 3 pipeline,17.0,18.0,USD,5,inbound,2017-09-25,92,False,"Bloomberg reported sale consideration on Dec 7, 2017 (~19 days early)",,"Vtesse, Inc. acquisition (VTS-270) | Bloomberg sale rumor (Dec 7, 2017) | AMITIZA pediatric sNDA Priority Review | Generic competition risk for AMITIZA"
TIG,TiGenix NV,Takeda Pharmaceutical Company Limited,2018-01-05,,527.0,1.78,1.78,False,cash,0.82,,ok,-0.0259,0.281,0.6138,,Approved (EU) / Phase 3 (US),1.25,1.78,EUR,1,inbound,2017-06-23,196,False,,,Positive CHMP Opinion for Cx601 | Execution of Mesoblast Licensing Agreement | European marketing authorization for Cx601
BIVV,Bioverativ Inc.,Sanofi,2018-01-22,2018-03-08,11363.4,105.0,105.0,False,cash,0.943,45,ok,-0.0454,-0.1363,0.2177,,Commercial + 2 marketed drugs,98.5,105.0,USD,1,inbound,2017-05-12,255,True,Spin-Off Research + 1 year early,,Spin-off from Biogen | Acquisition of True North Therapeutics | Management presentation of long-range plans
ABLX,Ablynx NV,Sanofi,2018-01-29,,3386.4,45.0,45.0,False,cash,0.212,,ok,,,,,Pre-marketing lead asset + Phase 2 pipeline,26.75,45.0,EUR,10,both,2018-01-08,21,True,Novo Nordisk private bid on 2017-12-07 (reported 2018-01-08),,Novo Nordisk public disclosure of unsolicited bid | Caplacizumab (Capla) pre-marketing stage | Sanofi superior offer reports
AVXS,"AveXis, Inc.",Novartis AG,2018-04-09,2018-05-15,8025.9,218.0,225.0,True,cash,0.5921,36,ok,0.3716,0.4747,0.9042,4.8194,Phase 3 / BLA Preparation,112.0,218.0,USD,4,inbound,2018-02-16,52,True,HC Sleuth / Investors Hub + 20 months early,,Alignment with FDA on BLA submission for AVXS-101 | Compelling clinical data in SMA | Novartis licensing Spark Therapeutics' Luxturna
ARMO,"ARMO BioSciences, Inc.",Eli Lilly and Company,2018-05-10,2018-06-22,1520.3,50.0,50.0,False,cash,0.3931,43,ok,0.2068,,,,"Phase 3 lead asset, pre-revenue",48.0,50.0,USD,4,both,2018-03-19,52,False,,,ARMO IPO and post-IPO volatility | Competitor releases positive clinical data | Eli Lilly acquisition announcement
JNP,JUNIPER PHARMACEUTICALS INC,"Catalent, Inc.",2018-07-03,2018-08-14,127.7,11.5,11.5,False,cash,0.2921,42,ok,0.0114,0.7694,0.9778,0.128,Phase 2b failure; commercial CDMO and progesterone gel business,8.0,11.5,USD,38,both,2018-02-16,137,False,,,Phase 2b failure of COL-1077 | Strategic reprioritization announcement | Public announcement of strategic alternatives exploration
TSRO,"TESARO, Inc.",GlaxoSmithKline plc,2018-12-03,2019-01-22,4142.4,75.0,75.0,False,cash,1.4752,50,ok,0.1235,-0.3935,-0.7268,-0.7669,Marketed lead + Phase 3 pipeline,66.0,75.0,USD,10,both,2018-06-10,176,True,StreetInsider / Fierce Pharma reported sale process 18 months early,,ZEJULA Phase 3 data | Decision to cease marketing VARUBI IV | GSK acquisition interest shift
LOXO,"Loxo Oncology, Inc.",Eli Lilly and Company,2019-01-07,2019-02-15,7235.1,235.0,235.0,False,cash,0.7407,39,ok,-0.1613,-0.2458,0.6236,2.5377,1 approved drug + Phase 1/2 lead asset,230.0,235.0,USD,1,inbound,2018-04-16,266,False,,,
IMDZ,Immune Design Corp.,"Merck & Co., Inc.",2019-02-21,2019-04-02,282.9,5.85,5.85,False,cash,3.1197,40,ok,-0.1446,-0.6698,-0.6162,-0.7418,Phase 2 lead + Phase 3 discontinued,5.18,5.85,USD,5,both,2018-09-01,173,False,,,G100 + pembrolizumab Phase 1/2 data (ASCO 2017) | CMB305 + checkpoint inhibitor data (ESMO 2017) | Discontinuation of Phase 3 SYNOVATE trial | G100 + pembrolizumab ASH 2018 data
ONCE,"Spark Therapeutics, Inc.",Roche Holding Ltd,2019-02-25,2019-12-17,4357.1,114.5,114.5,False,cash,1.6358,295,ok,-0.0563,-0.4083,-0.2496,-0.3144,Phase 3 lead + 1 approved drug,70.0,114.5,USD,3,both,2018-10-09,139,False,,,
OSIR,"Osiris Therapeutics, Inc.",Smith & Nephew plc (English public limited company),2019-03-12,2019-04-17,656.0,19.0,19.0,False,cash,0.2418,36,ok,0.4627,0.7191,2.9637,1.6471,Commercial (multiple products) + royalty interest,17.5,19.0,USD,5,both,2018-07-09,246,False,,,Nasdaq delisting notice (March 2017) | Nasdaq re-listing (August 2018) | Appointment of Samson Tom as CEO (November 2018) | Merger Agreement announcement (March 2019)
ARRY,ARRAY BIOPHARMA INC,Pfizer Inc.,2019-06-17,2019-07-30,10710.2,48.0,48.0,False,cash,1.1958,43,ok,-0.0549,0.3346,0.3879,1.4101,Approved drugs + Phase 3 lead asset,44.0,48.0,USD,4,both,2019-03-21,88,True,Fierce Pharma + 29 months early,,Positive interim results from Phase 3 BEACON CRC trial
ALDR,"Alder BioPharmaceuticals, Inc.",H. Lundbeck A/S,2019-09-16,2019-10-22,1509.1,18.0,20.0,True,cash,0.877,36,ok,-0.1145,-0.3303,-0.4844,-0.1161,BLA submitted / Phase 3 lead,14.0,18.0,USD,11,both,2019-01-09,250,False,,,Eptinezumab BLA submission | Eptinezumab Phase 3 data
DOVA,"Dova Pharmaceuticals, Inc.",Swedish Orphan Biovitrum AB (publ),2019-09-30,2019-11-12,793.2,27.5,29.0,True,cash,0.8346,43,ok,0.6995,0.8506,-0.411,-0.4618,Approved lead asset + Phase 3 pipeline,23.0,29.0,USD,28,both,2018-01-15,623,False,,,FDA approval of Doptelet for ITP | Phase 3 potential in CIT
MDCO,The Medicines Company,Novartis AG,2019-11-24,2020-01-06,6815.6,85.0,85.0,False,cash,0.492,43,ok,0.5422,0.804,1.3454,0.8413,Phase 3 lead asset,74.03,85.0,USD,12,both,2019-05-29,179,False,,,Positive ORION-3 data | Positive Phase 3 clinical trial data for inclisiran
BOLD,"Audentes Therapeutics, Inc.",Astellas Pharma Inc.,2019-12-02,2020-01-15,2776.3,60.0,60.0,False,cash,1.0647,44,ok,-0.2322,-0.2298,-0.0149,-0.0024,Phase 1/2 lead asset,49.0,60.0,USD,4,inbound,2019-05-22,194,False,,,
THOR,"Synthorx, Inc.",Sanofi,2019-12-08,2020-01-23,2206.1,68.0,68.0,False,cash,3.242,46,ok,0.0694,-0.0441,0.2712,,Clinical-stage lead asset + pre-clinical pipeline,36.0,68.0,USD,4,both,2018-10-19,415,False,,,Initial Public Offering | Sanofi non-binding partnering term sheet | Sanofi unsolicited acquisition offer | Company A unsolicited $62.00 per share offer
ARQL,"ArQule, Inc.",Merck Sharp & Dohme Corp.,2019-12-09,2020-01-16,2417.5,20.0,20.0,False,cash,1.7701,38,ok,0.3546,0.5105,1.2776,0.2916,Phase 1 lead + multiple clinical assets,18.0,20.0,USD,10,inbound,2019-06-27,165,False,,,ASH Conference Phase 1 ARQ 531 data | Merck acquisition proposal | Merck partnership interest
DERM,"Dermira, Inc.",Eli Lilly and Company,2020-01-10,2020-02-20,1025.5,18.75,18.75,False,cash,0.4764,41,ok,0.4174,0.2574,0.1662,-0.5372,Phase 3 lead + 1 approved drug,13.0,18.75,USD,13,outbound,2019-08-29,134,False,,,
FTSV,"Forty Seven, Inc.","Gilead Sciences, Inc.",2020-03-02,2020-04-07,4598.5,95.5,95.5,False,cash,1.5902,36,ok,3.8834,3.405,1.4596,1.3044,Phase 2 lead,57.5,95.5,USD,4,inbound,2020-01-07,55,False,,,Updated clinical data for magrolimab in MDS and AML (Dec 2019) | Bloomberg reports Gilead takeover approach (Feb 2020)
QGEN,QIAGEN N.V.,Thermo Fisher Scientific Inc.,2020-03-03,,,39.0,39.0,False,cash,0.2488,,ok,0.1043,-0.0916,-0.082,-0.0235,Marketed diagnostics and sample technologies,39.0,39.0,EUR,2,inbound,2019-11-13,111,True,Bloomberg reported Thermo Fisher approach 4 months early (Nov 2019),,CEO resignation and sales guidance reduction | Receipt of multiple non-binding indications of interest | Review of strategic alternatives
STML,STEMLINE THERAPEUTICS INC,A. Menarini - Industrie Farmaceutiche Riunite - S.r.l.,2020-05-04,2020-06-10,603.9,11.5,12.5,True,cash,1.5785,37,ok,-0.5867,-0.523,-0.6924,-0.764,Marketed (US) / Pending (EU),10.0,11.5,USD,2,inbound,2019-06-05,334,False,,,ELZONRIS US marketing approval | Pending EU approval for ELZONRIS
PTLA,"Portola Pharmaceuticals, Inc.","Alexion Pharmaceuticals, Inc.",2020-05-05,2020-07-02,1413.3,18.0,18.0,False,cash,1.7907,58,ok,-0.731,-0.7567,-0.8288,-0.8433,Marketed (Accelerated Approval) + Phase 2,16.0,18.0,USD,2,inbound,2019-08-27,252,True,Forbes + Motley Fool; multiple years early,,Q4 2019 Andexxa revenue miss | COVID-19 pandemic market impact | Regained Japan rights from BMS/Pfizer
MNTA,Momenta Pharmaceuticals,Johnson & Johnson,2020-06-15,2020-10-01,6249.0,52.5,52.5,False,cash,0.9387,108,ok,-0.4035,-0.2911,-0.0346,0.2365,Phase 2 lead + 1 marketed drug,47.5,52.5,USD,3,inbound,2019-04-15,427,False,,,Positive Phase 1 data in myasthenia gravis | Positive M281 Phase 2 interim data | FDA rare pediatric disease designation for M281 | J&J Board approval of final offer
TTPH,"Tetraphase Pharmaceuticals, Inc.",La Jolla Pharmaceutical Company (California corporation),2020-06-24,2020-07-28,14.5,2.0,3.48,True,cash,-0.2424,34,ok,0.1681,0.0776,2.3,-0.2922,"Commercial-stage, 1 approved drug + Phase 2 lead",1.24,2.0,USD,16,both,2019-01-07,534,False,,,IGNITE3 Phase 3 trial failure in cUTI | XERAVA FDA approval | La Jolla unsolicited cash proposal | Melinta unsolicited superior proposal
PFNX,Pfenex Inc.,Ligand Pharmaceuticals Incorporated,2020-08-10,2020-10-01,411.8,12.0,14.0,True,cash,0.4634,52,ok,-0.0989,-0.3513,0.3312,0.6735,Approved lead asset + commercial platform,10.5,12.0,USD,1,inbound,2020-02-27,165,False,,,FDA approval of PF708 (Bonsity) | COVID-19 market dislocation | FDA General Advice Letter delaying TE Rating | Merger Agreement with Ligand
PRNB,Principia Biopharma Inc.,Sanofi,2020-08-16,2020-09-28,3326.0,100.0,100.0,False,cash,0.2612,43,ok,3.2064,4.8777,3.3494,1.4285,Phase 3 initiated + Phase 2b lead asset,76.0,100.0,USD,2,inbound,2020-05-19,89,True,"Bloomberg +1 month early (July 16, 2020)",,Positive Phase 2b data for PRN2246 in MS (Feb 2020) | Confirmation of Phase 2b secondary endpoints (Apr 2020) | Sanofi decision to proceed to Phase 3 trials (May 2020) | Bloomberg report of Sanofi acquisition interest (Jul 2020)
AKCA,"Akcea Therapeutics, Inc.","Ionis Pharmaceuticals, Inc.",2020-08-31,2020-10-12,1846.9,18.15,18.15,False,cash,0.6744,42,ok,-0.2835,-0.3723,-0.4791,-0.5858,Phase 3 lead + 2 approved drugs,16.0,18.15,USD,2,inbound,2020-07-10,52,False,,,
IMMU,IMMUNOMEDICS INC,"Gilead Sciences, Inc.",2020-09-13,2020-10-23,20356.2,88.0,88.0,False,cash,1.2,40,ok,0.1779,1.1786,1.6774,0.7961,FDA approved (accelerated) + Phase 3 confirmatory,55.0,88.0,USD,12,both,2019-01-09,613,False,,,ASCENT Study halted for efficacy | FDA approval of Trodelvy for mTNBC | Topline results for ASCENT Study | Positive Phase 2 TROPHY study results
AMAG,"AMAG PHARMACEUTICALS, INC.",Covis Group S.à r.l.,2020-10-01,2020-11-16,474.4,13.75,13.75,False,cash,0.3362,46,ok,0.3346,0.3277,-0.0577,-0.5435,Commercial with Phase 3 pipeline,11.0,13.75,USD,17,inbound,2019-12-01,305,False,,,Strategic review and CEO transition announcement | Divestiture of Intrarosa to Millicent Pharma | Discontinuation of AMAG-423 Phase 2b/3a study | Divestiture of Vyleesi rights to Palatin
MYOK,"MyoKardia, Inc.",Bristol-Myers Squibb Company,2020-10-05,2020-11-17,11994.5,225.0,225.0,False,cash,0.9857,43,ok,0.1535,0.8049,1.162,1.1399,Phase 3 lead + clinical-stage pipeline,185.0,225.0,USD,2,inbound,2019-03-01,584,False,,,Positive Phase 3 EXPLORER-HCM study results | Breakthrough Therapy Designation for mavacamten
BSTC,BioSpecifics Technologies Corp.,Endo International plc,2020-10-19,2020-12-02,650.0,88.5,88.5,False,cash,0.5584,44,ok,-0.0626,0.277,-0.0166,-0.0966,Marketed + 1 approved drug (launching 2021),85.0,88.5,USD,2,inbound,2020-08-12,68,False,,,FDA approval of Qwo for cellulite | XIAFLEX marketed for Dupuytren's and Peyronie's | Phase 2 pipeline for CCH indications
PRVL,Prevail Therapeutics Inc.,Eli Lilly and Company,2020-12-15,2021-01-22,770.6,22.5,26.5,True,cash,1.3053,38,ok,-0.2434,-0.3436,-0.081,,Clinical-stage gene therapy,21.0,22.5,USD,20,both,2019-06-28,536,False,,,
VIE,"Viela Bio, Inc.",Horizon Therapeutics plc,2021-02-01,2021-03-15,2909.9,53.0,53.0,False,cash,0.4735,42,ok,0.2617,-0.1578,0.3991,,Approved/Marketed lead asset + Phase 3 pipeline,44.0,53.0,USD,9,both,2020-07-02,214,False,,,
PAND,"Pandion Therapeutics, Inc.","Merck & Co., Inc.",2021-02-25,2021-04-01,1770.9,60.0,60.0,False,cash,2.3113,35,ok,0.6021,0.0151,,,Phase 1a lead + preclinical platform,40.0,60.0,USD,2,inbound,2018-04-09,1053,False,,,Initial Public Offering | Positive Phase 1a data for PT-101
FPRX,"Five Prime Therapeutics, Inc.",Amgen Inc.,2021-03-04,2021-04-16,1745.8,38.0,38.0,False,cash,-0.0872,43,ok,6.8547,6.8547,6.8547,2.7845,"Clinical-stage, Phase 2 lead asset",25.0,38.0,USD,15,outbound,2019-07-29,584,False,,,FIGHT trial topline results (Bema) | $174.0 million public stock offering | Strategic interest from multiple parties | Amgen acquisition announcement
CNST,CONSTELLATION PHARMACEUTICALS INC,MorphoSys AG,2021-06-02,2021-07-15,1633.9,34.0,34.0,False,cash,0.5726,43,ok,-0.3443,0.1019,-0.3952,1.3197,Phase 3 lead + Phase 2 pipeline,29.0,34.0,USD,9,both,2020-07-30,307,False,,,
TBIO,"Translate Bio, Inc.",Sanofi,2021-08-03,2021-09-14,2872.5,38.0,38.0,False,cash,0.3023,42,ok,,,,,Clinical stage (MRT5005 and MRT5500),28.0,38.0,USD,4,both,2021-05-28,67,False,,,
XLRN,ACCELERON PHARMA INC,"Merck & Co., Inc.",2021-09-30,2021-11-19,11006.6,180.0,180.0,False,cash,0.3897,50,ok,-0.0105,-0.0488,0.3534,2.2051,Phase 3 lead + 1 approved drug,160.0,180.0,USD,4,both,2021-07-16,76,False,,,Sotatercept Phase 3 (STELLAR trial) prospects | Reblozyl commercialization and royalty stream
ADMS,Adamas Pharmaceuticals Inc,"Supernus Pharmaceuticals, Inc.",2021-10-10,,370.7,8.1,9.1,True,cash with contingent value rights (CVR),0.7802,,ok,-0.1061,-0.0918,0.0581,0.1432,Commercial with 2 approved drugs + Phase 3/Regulatory,8.1,8.1,USD,1,unclear,,,False,,,Gocovri failed clinical trial in MS | Merger announcement with Supernus Pharmaceuticals
FLXN,Flexion Therapeutics Inc,"Pacira BioSciences, Inc.",2021-10-11,2021-11-19,427.7,8.5,16.5,True,mixed,0.405,39,ok,-0.3495,-0.489,-0.4882,-0.5751,Commercial + Phase 1/2 pipeline,7.5,8.5,USD,21,inbound,2021-05-21,143,True,FiercePharma + 4 years early,,ZILRETTA FDA approval | ZILRETTA commercial rollout | FX-201 clinical development | FX-301 clinical development
DRNA,"Dicerna Pharmaceuticals, Inc.",Novo Nordisk A/S (Danish aktieselskab),2021-11-18,2021-12-28,2988.4,38.25,38.25,False,cash,0.8017,40,ok,-0.4413,-0.2669,0.0392,-0.0564,Late-stage development (planned marketing applications for nedosiran),32.5,38.25,USD,3,inbound,2021-08-01,109,False,,,Sharp mid-week decline (August 2021) | Announcement of Merger Agreement with Novo Nordisk
ZGNX,"ZOGENIX, INC.","UCB S.A. (société anonyme formed under the laws of Belgium; principal executive office: Allée de la Recherche, 60, 1070 Brussels, Belgium)",2022-01-19,2022-03-07,1459.3,26.0,28.0,True,cash + CVR,0.8598,47,ok,-0.0784,-0.2229,-0.3007,-0.7263,Commercial (1 approved drug) + Phase 3/sNDA expansion,20.5,26.0,USD,3,inbound,2021-07-19,184,False,,,Positive top-line Phase 3 LGS trial results (Feb 2020) | Dilutive $200M convertible senior notes offering (Sept 2020) | UCB acquisition announcement (Jan 2022)
BDSI,BioDelivery Sciences International Inc.,Collegium Pharmaceuticals Inc.,2022-02-14,2022-03-22,568.6,5.6,5.6,False,cash,0.5954,36,ok,0.08,0.1323,-0.1856,-0.334,Commercial stage + Phase 3,4.6,5.6,USD,4,inbound,2021-12-22,54,False,,,BELBUCA patent litigation favorable ruling | ELYXYB launch plans for 2022 | Initial outreach from Collegium (Dec 2021) | Merger announcement at $5.60 per share
CMPI,"Checkmate Pharmaceuticals, Inc.","Regeneron Pharmaceuticals, Inc.",2022-04-19,2022-05-31,231.3,10.5,10.5,False,cash,2.3333,42,ok,0.1053,-0.3532,-0.7734,-0.775,Phase 1b/2 lead asset,7.5,10.5,USD,6,inbound,2020-12-01,504,False,,,CEO transition | Clinical data milestone delays | Declining cash position
ETTX,Entasis Therapeutics Holdings Inc.,"Innoviva, Inc.",2022-05-23,2022-07-11,105.3,2.2,2.2,False,cash,0.1702,49,ok,0.0805,-0.2879,-0.0553,-0.3213,Phase 3 lead + Phase 3 pipeline,1.8,2.2,USD,35,both,2022-02-01,111,True,Endpoints News + 3 months early,,Positive Phase 3 ATTACK trial data for SUL-DUR | Innoviva initial non-binding proposal ($1.80/share) | Execution of $15 million bridge financing agreement
TXMD,"TherapeuticsMD, Inc.",EW Healthcare Partners,2022-05-31,,88.5,10.0,10.0,False,cash,3.673,,ok,-0.2857,-0.726,-0.8347,-0.8305,"Commercial with 3 approved drugs (IMVEXXY, ANNOVERA, BIJUVA)",10.0,10.0,USD,83,outbound,2022-01-13,138,False,,,"ANNOVERA manufacturing failure rates | FDA sNDA approval (May 20, 2022) | Sixth Street debt maturity/liquidity crisis | Sale of vitaMedMD and BocaGreenMD assets"
TPTX,"Turning Point Therapeutics, Inc.",Bristol-Myers Squibb Company,2022-06-03,2022-08-17,3784.6,76.0,76.0,False,cash,1.8358,75,ok,-0.2463,-0.3555,-0.6484,-0.5745,Phase 1/2 (Registrational) lead asset,58.0,76.0,USD,33,outbound,2022-01-12,142,False,,,Positive top-line BICR data for repotrectinib (TRIDENT-1 study)
RDUS,"Radius Health, Inc.",Ginger Acquisition Inc.,2022-06-23,2022-08-15,476.1,10.0,11.0,True,cash,0.6,53,ok,-0.0981,-0.6394,-0.6975,-0.5571,Commercial + Phase 2/3 pipeline,9.0,10.0,USD,70,outbound,2022-01-26,148,False,,,Abaloparatide transdermal patch Phase III trial failure | Activist investor 13D filing and proxy contest | Initiation of strategic review process
EPZM,"Epizyme, Inc.",Ipsen S.A.,2022-06-27,2022-08-12,244.1,1.45,2.45,True,cash,2.2222,46,ok,-0.6959,-0.8665,-0.9453,-0.9716,Commercial + Phase 3 confirmatory,1.1,1.45,USD,38,inbound,2021-12-01,208,False,,,FDA approval of Tazverik | Ipsen initial outreach | Special Committee formation | Lease and debt cost reductions
LJPC,LA JOLLA PHARMACEUTICAL CO,"Innoviva, Inc.",2022-07-11,2022-08-22,155.3,6.23,6.23,False,cash,0.8006,42,ok,-0.1582,-0.2396,-0.3242,-0.2638,2 approved drugs / Commercial,4.9,6.23,USD,25,both,2022-03-22,111,False,,,
FMTX,"Forma Therapeutics Holdings, Inc.",Novo Nordisk A/S,2022-09-01,2022-10-14,957.3,20.0,20.0,False,cash,1.4155,43,ok,0.0952,-0.2844,-0.6383,-0.7904,Phase 2/3 lead + NDA stage oncology asset,8.2,20.0,USD,4,inbound,2021-01-01,608,False,,,ASH Annual Meeting data | Out-licensing of olutasidenib to Rigel Pharmaceuticals
LOGC,"LogicBio Therapeutics, Inc.",AstraZeneca PLC,2022-10-03,2022-11-16,68.2,2.07,2.07,False,cash,0.7107,44,ok,-0.324,-0.3632,-0.8329,-0.9486,Phase 1/2 lead + Preclinical platform,1.56,2.07,USD,2,inbound,2021-10-08,360,False,,,FDA clinical hold on Phase 1/2 SUNRISE trial | Nasdaq delisting notice | FDA lifts clinical hold on SUNRISE trial
AKUS,"Akouos, Inc.",Eli Lilly and Company,2022-10-18,2022-12-01,461.7,12.5,15.5,True,cash,1.4225,44,ok,0.4294,0.084,-0.5885,-0.7381,Phase 1/2 (IND cleared) lead asset,9.0,12.5,USD,4,inbound,2022-02-23,237,False,,,FDA clearance of IND application for AK-OTOF
AGTC,Applied Genetic Technologies Corporation,Syncona Limited,2022-10-24,2022-11-30,23.0,0.34,1.07,True,mixed,0.1724,37,ok,-0.5323,-0.7642,-0.9102,-0.9438,Phase 1/2 lead + clinical ocular portfolio,0.34,1.07,USD,33,outbound,2022-06-20,126,False,,,Nasdaq delisting notice | Critical liquidity shortfall/bankruptcy risk | July 2022 warrant issuance | Skyline/Vista Phase 1/2 trials
OYST,"Oyster Point Pharma, Inc.",Viatris Inc.,2022-11-07,2023-01-03,298.6,11.0,13.0,True,cash,0.5537,57,ok,0.556,-0.2036,-0.3593,-0.7071,Approved/Marketed lead asset + Phase 2 pipeline,10.0,11.0,USD,9,both,2021-11-02,370,False,,,
IMGO,"Imago BioSciences, Inc.","Merck & Co., Inc.",2022-11-21,2023-01-11,1220.9,36.0,36.0,False,cash,1.3669,51,ok,-0.1343,-0.1479,-0.4197,,Phase 2 lead asset,28.0,36.0,USD,11,both,2021-01-28,662,False,,,End-of-Phase 2 meeting with FDA | Clinical data presented at ASH 2022
ALBO,"ALBIREO PHARMA, INC.",Ipsen S.A.,2023-01-09,2023-03-02,876.3,42.0,52.0,True,cash,0.9663,52,ok,0.1314,0.0579,-0.0079,-0.4,Marketed + Phase 3 lead,28.0,42.0,USD,4,both,2022-11-16,54,False,,,
CINC,"CinCor Pharma, Inc.",AstraZeneca PLC,2023-01-09,2023-02-24,1138.4,26.0,36.0,True,cash,1.1776,46,ok,-0.598,-0.1872,-0.2538,,"Phase 2 lead, pre-revenue",22.0,26.0,USD,3,inbound,2021-05-10,609,False,,,Positive Phase 2 BrigHtn trial results | Phase 2 HALO trial missed primary endpoint
CNCE,"Concert Pharmaceuticals, Inc.",Sun Pharmaceutical Industries Ltd.,2023-01-19,2023-03-06,497.7,8.0,11.5,True,cash,0.7021,46,ok,-0.2622,0.1463,0.4072,-0.5648,Phase 3 lead asset,7.0,8.0,USD,40,both,2022-07-12,191,False,,,
CEMI,"CHEMBIO DIAGNOSTICS, INC.",Biosynex SA,2023-01-31,2023-04-27,16.5,0.45,0.45,False,cash,1.0455,86,ok,-0.3889,-0.6562,-0.807,-0.9708,Commercial + EUA Revoked,0.4,0.45,USD,81,outbound,2022-05-25,251,False,,,FDA revokes EUA for COVID-19 System | Nasdaq non-compliance notice | Abandoned $17M public offering | Engagement of Craig-Hallum for sale process
PRVB,"Provention Bio, Inc.",Sanofi S.A.,2023-03-13,2023-04-27,2367.6,25.0,25.0,False,cash,1.4038,45,ok,0.2545,0.8505,0.6378,-0.225,Approved / Commercial lead asset + Phase 2 pipeline,21.0,25.0,USD,1,inbound,2021-12-01,467,False,,,Co-Promotion Agreement with Sanofi | FDA approval of TZIELD (teplizumab-mzwv) | Sanofi equity investment
JNCE,"Jounce Therapeutics, Inc.","Concentra Biosciences, LLC",2023-03-27,2023-05-03,97.4,1.85,,False,cash,0.3603,37,ok,,,,,Phase 2 lead + multiple clinical/preclinical assets,1.8,1.85,USD,3,both,2023-03-14,13,False,,,Gilead GS-1811 buyout ($67M) | Redx Pharma merger announcement | Concentra unsolicited $1.80 proposal | Concentra revised $1.85 proposal
STSA,"Satsuma Pharmaceuticals, Inc.","Shin Nippon Biomedical Laboratories, Ltd.",2023-04-16,2023-06-08,30.2,0.91,6.68,True,cash,0.1235,53,ok,-0.1383,-0.8829,-0.7868,-0.8402,Phase 3 lead (failed) + NDA Accepted,0.91,0.91,USD,30,outbound,2022-12-07,130,False,,,SUMMIT Phase 3 trial failure | Announcement of strategic alternatives exploration | STS101 NDA Acceptance
CTIC,CTI BIOPHARMA CORP,Swedish Orphan Biovitrum AB (publ),2023-05-10,2023-06-26,1200.1,9.1,9.1,False,cash,1.1513,47,ok,-0.2181,-0.2079,-0.1206,0.9404,Commercial / Phase 3 (label expansion),8.0,9.1,USD,4,inbound,2023-02-10,89,False,,,
VECT,VectivBio Holding AG,"Ironwood Pharmaceuticals, Inc.",2023-05-22,,1067.7,17.0,17.0,False,cash,0.5625,,ok,0.4185,0.4683,1.1333,-0.2698,Phase 3 lead asset,14.0,17.0,USD,8,inbound,2023-03-21,62,False,,,
GRNA,"GreenLight Biosciences Holdings, PBC","SW ParentCo, Inc.",2023-05-30,2023-07-24,45.5,0.3,0.3,False,cash,-0.0625,55,ok,-0.7009,-0.8222,-0.9607,,"Pre-revenue, Launch 2024 (Agricultural) + Pre-clinical/Phase 1 (Human Health)",0.3,0.3,USD,140,both,2023-02-23,96,True,GlobeNewswire/BioSpace 2 months early,,
SGTX,"Sigilon Therapeutics, Inc.",Eli Lilly and Company,2023-06-29,2023-08-11,37.3,14.92,126.56,True,cash,2.0449,43,ok,4.6322,9.6522,5.0494,-0.5266,Pre-clinical lead + Phase 1/2 clinical hold,14.92,14.92,USD,141,both,2018-04-02,1914,False,,,FDA clinical hold on SIG-001 | Strategic reprioritization and workforce reduction | Collapse of Party E reverse merger | Lilly whole-company acquisition proposal
PRDS,"PARDES BIOSCIENCES, INC.","MediPacific, Inc.",2023-07-17,2023-08-31,132.1,2.13,2.13,False,cash,0.127,45,ok,0.4318,0.5366,-0.6127,-0.8093,"Phase 2, suspended development",1.93,2.13,USD,144,both,2023-04-20,88,False,,,Phase 2 trial failure of pomotrelvir | Announcement of strategic review process
DBTX,"Decibel Therapeutics, Inc.","Regeneron Pharmaceuticals, Inc.",2023-08-09,2023-09-25,101.3,4.0,7.5,True,cash,0.1429,47,ok,0.1254,0.378,-0.2972,-0.5251,"Phase 1/2 lead, pre-revenue",3.25,4.0,USD,5,both,2023-03-30,132,False,,,
THRN,"Thorne HealthTech, Inc.","Healthspan Buyer, LLC",2023-08-28,2023-10-16,551.2,10.2,10.2,False,cash,0.7201,49,ok,0.3447,0.3266,0.1426,-0.2898,Commercial + OneDraw Regulatory Approval Pending,7.0,10.2,USD,38,both,2022-12-22,249,False,,,
ICPT,"INTERCEPT PHARMACEUTICALS, INC.",Alfasigma S.p.A.,2023-09-26,2023-11-08,794.5,19.0,19.0,False,cash,0.7593,43,ok,0.0526,-0.4504,-0.4007,-0.2904,Marketed (Conditional Approval) + Phase 2,12.0,19.0,USD,18,both,2023-06-23,95,False,,,FDA advisory committee negative vote on OCA for NASH | FDA Complete Response Letter for OCA in NASH | Discontinuation of NASH investment and restructuring
PNT,POINT Biopharma Global Inc.,Eli Lilly and Company,2023-10-03,2023-12-27,1322.9,12.5,12.5,False,cash,0.5319,85,ok,-0.1197,0.0695,-0.2031,0.124,Phase 3 lead,12.0,12.5,USD,3,inbound,2023-06-15,110,False,,,
MIRO,Miromatrix Medical Inc.,United Therapeutics Corporation,2023-10-30,2023-12-13,89.1,3.25,5.0,True,cash,1.4809,44,ok,-0.2514,-0.2202,-0.7009,-0.8362,"Preclinical, bioengineered organ technology",2.75,5.0,USD,51,outbound,2023-07-17,105,False,,,March 2023 equity financing | May 2023 strategic partnering outreach | October 2023 merger agreement announcement
ICVX,"Icosavax, Inc.",AstraZeneca PLC,2023-12-12,2024-02-19,762.0,15.0,20.0,True,cash,1.1898,69,ok,-0.1184,-0.1459,1.751,-0.7218,"Phase 2 lead, Pre-revenue",12.0,15.0,USD,14,both,2022-07-21,509,False,,,Positive topline interim Phase 1 data for IVX-A12 | Phase 2 topline data for IVX-A12
THRX,"Theseus Pharmaceuticals, Inc.","Concentra Biosciences, LLC",2023-12-22,2024-02-14,180.8,4.05,4.05,False,cash,0.1188,54,ok,0.1603,-0.6709,-0.4456,-0.675,"Preclinical/Early Clinical, lead asset discontinued",3.8,4.05,USD,71,both,2023-11-24,28,True,PR Newswire/Company Press Release + 1 month early,,Discontinuation of lead candidate THE-630 | Public announcement of formal strategic review | Receipt of unsolicited proposal from Concentra | Receipt of joint interest from OrbiMed and Foresite
RYZB,"RayzeBio, Inc.",Bristol-Myers Squibb Company,2023-12-26,2024-02-26,3814.6,62.5,62.5,False,cash,1.7281,62,ok,-0.0454,,,,Phase 3 lead asset,36.0,62.5,USD,4,inbound,2023-11-06,50,False,,,Lead asset RYZ101 enters Phase 3 for GEP-NETs | General sector interest in radiopharmaceuticals
MOR,MorphoSys AG,Novartis AG,2024-02-05,2024-05-31,2560.5,68.0,68.0,False,cash,0.89,116,ok,0.5691,0.2436,1.4871,0.3005,Phase 3 lead oncology pipeline,68.0,68.0,EUR,2,inbound,2023-11-27,70,False,,,
CBAY,"CymaBay Therapeutics, Inc.","Gilead Sciences, Inc.",2024-02-12,2024-03-22,3731.4,32.5,32.5,False,cash,0.3678,39,ok,0.7626,1.05,2.6498,6.0296,Phase 3 lead asset,23.0,32.5,USD,22,inbound,2022-12-15,424,False,,,Positive topline Phase 3 RESPONSE study results for seladelpar
KNTE,Kinnate Biopharma Inc.,XOMA Corporation,2024-02-16,2024-04-03,122.2,2.5879,2.5879,False,cash,0.0828,47,ok,1.0965,-0.2215,-0.6266,-0.7344,"Clinical stage, Phase 1 lead asset",2.17,2.5879,USD,119,outbound,2023-11-14,94,False,,,Exarafenib Phase 1 data market response | Strategic reprioritization and workforce restructuring | Sale of Exarafenib assets to Pierre Fabre
NGM,"NGM Biopharmaceuticals, Inc.","The Column Group, LP (TCG) and affiliates",2024-02-26,2024-04-05,129.4,1.55,1.55,False,cash,0.0403,39,ok,0.9351,-0.3522,-0.7073,-0.8999,"Clinical-stage, Phase 2 lead",1.45,1.55,USD,8,inbound,2023-06-27,244,False,,,Phase 2 ALPINE 4 aldafermin data in NASH (Oct 2022) | TCG unsolicited expression of interest (Dec 2023) | Strategy refocus on rare conditions (Jan 2024) | Merger Agreement execution (Feb 2024)
SCTL,"Societal CDMO, Inc.","CoreRx, Inc.",2024-02-28,2024-04-08,116.3,1.1,1.1,False,cash,2.1429,40,ok,0.0,-0.6023,-0.7407,-0.8,Commercial CDMO services + legacy products,0.42,1.1,USD,4,outbound,2023-10-27,124,False,,,Nasdaq deficiency letter | Establishment of Restructuring Committee | Strategic review of San Diego facility
ALPN,"ALPINE IMMUNE SCIENCES, INC.",Vertex Pharmaceuticals Incorporated,2024-04-10,2024-05-20,4264.2,65.0,65.0,False,cash,0.8091,40,ok,1.1336,1.879,3.9696,3.4912,"Phase 1b/2a, Phase 3 planned",60.0,65.0,USD,5,both,2023-04-07,369,False,,,Phase 1b/2a data for povetacicept | American Society of Nephrology Kidney Week presentation
DCPH,"Deciphera Pharmaceuticals, Inc.","ONO Pharmaceutical Co., Ltd.",2024-04-29,2024-06-11,2213.8,25.6,25.6,False,cash,0.6275,43,ok,-0.0248,0.2366,0.0181,0.625,Phase 3 lead + 1 approved drug,19.0,25.6,USD,5,inbound,2022-06-16,683,False,,,FDA approval of QINLOCK | Positive top-line results from Phase 3 MOTION study of vimseltinib
CALT,Calliditas Therapeutics AB (publ),Asahi Kasei Corporation,2024-05-28,,12467.8,208.0,208.0,False,cash,0.83,,ok,-0.1379,0.2104,-0.1645,0.0172,Commercial,131,208,SEK,4,both,2023-04-13,411,False,,,
MORF,"Morphic Holding, Inc.",Eli Lilly and Company,2024-07-08,2024-08-16,2862.6,57.0,57.0,False,cash,0.8525,39,ok,-0.1724,0.1325,-0.5015,0.271,Phase 2b lead asset,46.0,57.0,USD,3,both,2020-12-30,1286,False,,,
GTHX,"G1 Therapeutics, Inc.",Pharmacosmos A/S,2024-08-07,2024-09-18,378.2,7.15,7.15,False,cash,1.8486,42,ok,-0.4749,-0.1375,0.0415,-0.805,Phase 3 lead + 1 approved drug,2.25,7.15,USD,14,both,2022-12-01,615,False,,,CRC Trial discontinuation | Interim TNBC Trial Data release | Final TNBC Trial results | COSELA commercialization
RVNC,"Revance Therapeutics, Inc.","Crown Holdings Interco LLC (sole stockholder of Crown); Crown Laboratories Holdings, Inc. (sole member of Crown Interco); Hildred Capital Management, LLC (majority shareholder of Crown)",2024-08-12,2025-02-06,382.9,3.65,3.65,False,cash,0.0196,178,ok,-0.1332,-0.3973,-0.841,-0.8178,"Commercial-stage, 2 primary products (DAXXIFY + RHA Collection)",2.25,6.66,USD,16,both,2023-11-13,273,False,,,Q1 2024 earnings miss and 23% stock drop | Teoxane SA breach notice and distribution agreement dispute | Going concern disclosure in Q3 2024 10-Q | DAXXIFY NMPA approvals in China
LBPH,"Longboard Pharmaceuticals, Inc.",H. Lundbeck A/S,2024-10-14,2024-12-02,2342.7,60.0,60.0,False,cash,0.7483,49,ok,0.8531,0.7764,4.5088,10.1429,Phase 3 ready lead asset,29.0,60.0,USD,2,inbound,2023-12-05,314,False,,,Positive topline PACIFIC study data (bexicaserin) | FDA Breakthrough Therapy designation for bexicaserin
LUMO,"Lumos Pharma, Inc.",Double Point Ventures LLC,2024-10-23,2024-12-12,36.8,4.25,8.75,True,mixed,0.0814,50,ok,0.7623,0.4137,0.3413,-0.57,"Phase 3 ready, lead asset LUM-201",2.83,4.25,USD,51,both,2024-01-03,294,False,,,End of Phase 2 meeting with FDA | Engagement of Piper Sandler for sale process | Announcement of strategic alternatives evaluation
PSTV,"Poseida Therapeutics, Inc.",F. Hoffmann-La Roche Ltd,2024-11-26,2025-01-08,880.0,9.0,13.0,True,cash,2.15,43,ok,-0.2781,-0.2012,0.2617,2.2143,Phase 1/1b lead assets,5.75,9.0,USD,4,both,2021-03-09,1358,False,,,Strategic global collaboration with Roche (July 2022) | Astellas $50 million strategic investment (August 2023)
MRNS,"MARINUS PHARMACEUTICALS, INC.",Immedica Pharma AB,2024-12-30,2025-02-11,30.4,0.55,0.55,False,cash,0.7188,43,ok,-0.7714,-0.7746,-0.9563,-0.931,Commercial (CDD) + Phase 3 failures (RSE/TSC),0.5,0.55,USD,77,outbound,2024-11-18,42,False,,,Phase 3 RAISE trial failed co-primary endpoint | Phase 3 TrustTSC trial failed primary endpoint | Discontinuation of ganaxolone clinical development | Commencement of strategic alternatives process
BLUE,"bluebird bio, Inc.","Beacon Parent Holdings, L.P. (backed by The Carlyle Group and SK Capital Partners)",2025-02-21,2025-06-02,29.2,3.0,9.84,True,cash,-0.6154,101,ok,15.25,6.4286,5.1905,0.5234,Commercial with 3 approved gene therapies,3.0,5.0,USD,103,both,2024-11-14,99,False,,,FDA denial of PRV application for LYFGENIA | Severe cash runway crisis and restructuring | Unsolicited bid from Ayrmid Ltd | Amendment to include $5.00 all-cash election
CMRX,"Chimerix, Inc.",Jazz Pharmaceuticals Public Limited Company,2025-03-05,2025-04-21,802.0,8.55,8.55,False,cash,1.1701,47,ok,2.9798,3.8049,3.2366,1.8971,Phase 3 lead + NDA accepted with priority review,5.0,8.55,USD,8,both,2024-12-12,83,False,,,NDA submission announcement for ONC201 | FDA acceptance of NDA with priority review | Merger announcement at $8.55 per share
TSVT,"2seventy bio, Inc.",Bristol-Myers Squibb Company,2025-03-10,2025-05-13,266.1,5.0,5.0,False,cash,1.1739,64,ok,-0.5137,-0.4498,-0.616,-0.77,Commercial (Abecma),4.75,5.0,USD,3,both,2023-02-01,768,False,,,
ALLK,Allakos Inc.,"Concentra Biosciences, LLC",2025-04-02,2025-05-15,29.8,0.33,0.33,False,cash,0.1786,43,ok,-0.7282,-0.6056,-0.8293,-0.9352,"Phase 1 failure, lead asset discontinued",0.32,0.33,USD,42,outbound,2025-02-20,41,True,"Bloomberg News reported sale exploration in Dec 2019; more recently, Special Situation Investments speculated on a Concentra bid 2 months early in Feb 2025",,AK006 Phase 1 failure | Discontinuation of AK006 development | Initiation of strategic review process | Concentra/Tang Capital 13D filing
RGLS,Regulus Therapeutics Inc.,Novartis AG,2025-04-30,2025-06-25,529.3,7.0,14.0,True,cash,3.0462,56,ok,0.1234,0.0745,-0.3993,0.227,Phase 1b lead asset,2.5,7.0,USD,5,outbound,2025-01-10,110,False,,,Positive Phase 1b MAD data | Positive interim analysis of fourth cohort | Successful End-of-Phase 1 meeting with FDA
KRON,"Kronos Bio, Inc.","Concentra Biosciences, LLC",2025-05-01,2025-06-20,34.8,0.57,,False,cash,-0.3049,50,ok,-0.1277,-0.1633,-0.3692,-0.5729,Pre-clinical lead + discontinued Phase 1/2,0.57,0.57,USD,25,outbound,2025-03-18,44,False,,,Discontinuation of Phase 1/2 istisociclib trial | Initiation of strategic review process | Failure of Party D reverse merger due to PIPE financing
INZY,"Inozyme Pharma, Inc.",BioMarin Pharmaceutical Inc.,2025-05-16,2025-07-01,259.7,4.0,4.0,False,cash,3.3478,46,ok,-0.3235,-0.8224,-0.821,-0.8551,Phase 3 lead asset,1.75,4.0,USD,2,both,2024-05-08,373,False,,,Positive interim clinical data for INZ-701 (May 2025)
BPMC,Blueprint Medicines Corporation,SANOFI,2025-06-02,2025-07-17,8350.6,129.0,135.0,True,cash,0.2328,45,ok,-0.0701,0.1537,-0.0238,0.7896,Approved drug + Phase 2/3 lead,124.0,129.0,USD,5,both,2024-05-24,374,False,,,
ELEV,"Elevation Oncology, Inc.","Concentra Biosciences, LLC",2025-06-09,2025-07-23,21.3,0.36,0.36,False,cash,0.0588,44,ok,-0.4603,-0.4769,-0.8963,-0.7687,"Preclinical/Early Clinical, lead asset discontinued",0.36,0.36,USD,23,outbound,2025-04-23,47,False,,,Discontinuation of lead program EO-3021 | Initiation of strategic options evaluation | Activist pressure from BML Capital Management
CVAC,CureVac N.V.,BioNTech SE,2025-06-12,,1230.4,5.4641,5.4641,True,stock,0.5747,,ok,-0.0307,0.2218,0.1924,-0.6611,Clinical/Pre-clinical oncology and infectious disease,,1250000000,USD,1,both,2025-02-11,121,False,,,Patent litigation settlement | GSK restructuring of infectious disease programs | BioNTech exchange ratio increase | Fixed-value collar structure proposal
VERV,"Verve Therapeutics, Inc.",Eli Lilly and Company,2025-06-17,2025-07-25,937.9,10.5,13.5,True,cash,1.2678,38,ok,-0.4604,-0.0334,-0.2258,-0.7504,Phase 1b lead asset,10.0,10.5,USD,8,both,2024-11-16,213,False,,,
TSBX,Turnstone Biologics Corp.,XOMA Royalty Corporation,2025-06-27,2025-08-11,7.9,0.34,0.39,True,cash,0.0303,45,ok,-0.1538,-0.3125,-0.8731,-0.97,"Phase 1 (Discontinued), Pre-revenue",0.34,0.34,USD,43,outbound,2025-04-16,72,False,,,Phase 1 data for TIDAL-01 | 60% workforce reduction | Discontinuation of TIDAL-01 clinical studies | Company D withdrawal from reverse merger
IGMS,"IGM Biosciences, Inc.","Tang Capital Partners, LP",2025-07-01,2025-08-14,75.1,1.247,1.247,False,cash,-0.0181,44,ok,-0.0662,-0.8735,-0.8475,-0.8709,"Pre-revenue, Phase 1b (discontinued lead)",1.204,1.247,USD,10,outbound,2025-05-21,41,False,,,Strategic pivot to autoimmune diseases | Imvotamab data failure and development termination | Strategic alternatives process initiation | 73% workforce reduction
CRGX,"CARGO Therapeutics, Inc.","Tang Capital Partners, LP",2025-07-08,2025-08-19,203.7,4.379,4.59,True,cash,-0.0781,42,ok,0.1995,-0.7428,-0.7355,,Phase 2 (Discontinued) + Preclinical,4.379,4.55,USD,157,outbound,2025-03-28,102,False,,,Discontinuation of FIRCE-1 Phase 2 study | Evaluation of strategic options and 90% workforce reduction
ITOS,"iTeos Therapeutics, Inc.","Tang Capital Partners, LP",2025-07-21,2025-08-29,443.8,10.047,10.047,False,cash,0.0087,39,ok,0.4477,0.3423,-0.327,-0.2855,Phase 2 lead (terminated) + clinical assets,8.5,10.047,USD,20,both,2025-06-10,41,False,,,GSK termination of belrestotug program | Announcement of clinical/operational wind down
DRRX,DURECT CORPORATION,Bausch Health Companies Inc.,2025-07-29,2025-09-11,54.3,1.75,13.02,True,cash,1.7778,44,ok,-0.2125,-0.3368,-0.5116,-0.8131,Phase 3 ready lead asset,1.75,1.75,USD,1,inbound,2024-01-25,551,False,,,AHFIRM trial failed to meet primary endpoints | FDA Breakthrough Therapy designation for larsucosterol | Going concern warning and liquidity concerns
HLVX,"HilleVax, Inc.",XOMA Royalty Corporation,2025-08-04,2025-09-17,97.8,1.95,1.95,False,cash,-0.0534,44,ok,0.4507,-0.0144,-0.8535,-0.8602,Phase 2b lead (discontinued) + clinical-stage pipeline,1.95,1.95,USD,33,outbound,2025-02-20,165,False,,,NEST-IN1 Phase 2b study failure (HIL-214) | Strategic review and 40% workforce reduction | Termination of Takeda license agreement
LVTX,LAVA Therapeutics N.V.,XOMA Royalty Corporation,2025-08-04,2025-11-13,27.4,1.04,1.04,False,mixed,-0.2121,101,ok,0.1379,0.2453,-0.3016,-0.1951,Clinical stage + partnered programs,1.04,1.16,USD,100,outbound,2025-02-10,175,False,,,Discontinuation of LAVA-1207 | Initiation of strategic review process | Public announcement of strategic options evaluation | Wind-down of LAVA-1266
YMAB,"Y-mAbs Therapeutics, Inc.",SERB Pharmaceuticals (Stark International Lux),2025-08-05,2025-09-16,390.8,8.6,8.6,False,cash,1.0,42,ok,-0.0529,-0.4737,-0.6228,-0.2252,Marketed lead asset + Clinical platform,7.8,8.6,USD,30,both,2025-02-04,182,False,,,
SCPH,scPharmaceuticals Inc.,MannKind Corporation,2025-08-25,2025-10-07,287.6,5.35,6.35,True,cash,-0.0446,43,ok,1.2311,0.7021,0.1336,-0.2503,Commercial (FUROSCIX) + Phase 3 (SCP-111),4.5,5.35,USD,26,both,2025-05-07,110,False,,,FUROSCIX device supplier price increase | Renegotiation of West Pharmaceutical supply agreement | Need for near-term capital/financing
TRML,"Tourmaline Bio, Inc.",Novartis AG,2025-09-09,2025-10-28,1238.4,48.0,48.0,False,cash,1.3166,49,ok,0.3722,0.451,0.4832,6.5345,Phase 2 lead asset,25.0,48.0,USD,12,both,2025-07-22,49,False,,,Positive topline results from Phase 2 TRANQUILITY trial
ETNB,"89bio, Inc.","Roche Holdings, Inc.",2025-09-18,2025-10-30,2255.7,14.5,20.5,True,cash,0.571,42,ok,0.1864,-0.1268,0.148,-0.421,Phase 3 lead asset,13.0,14.5,USD,1,outbound,2023-03-28,905,False,,,Positive clinical data from competitor Akero Therapeutics | Phase 3 pegozafermin program progress
MRUS,Merus N.V.,Genmab A/S,2025-09-29,2025-12-29,7356.8,97.0,97.0,False,cash,0.4733,91,ok,0.1742,0.3982,0.2912,2.0133,"Phase 2, clinical-stage oncology",81.0,97.0,USD,5,both,2025-08-08,52,False,,,Phase 2 petosemtamab data (May 2025)
ADVM,"Adverum Biotechnologies, Inc.",Eli Lilly and Company,2025-10-24,2025-12-09,78.6,3.56,12.47,True,cash,-0.2106,46,ok,0.944,-0.1157,-0.3979,3.7474,"Phase 3 lead, pre-revenue",3.24,3.56,USD,30,outbound,2023-10-10,745,False,,,
EVOK,"Evoke Pharma, Inc.","QOL Medical, LLC",2025-11-04,2025-12-17,18.9,11.0,11.0,False,cash,1.407,43,ok,0.6801,1.0311,-0.1295,2.656,FDA-approved / Commercial,7.5,11.0,USD,3,outbound,2025-04-07,211,False,,,
MRSN,"Mersana Therapeutics, Inc.","Day One Biopharmaceuticals, Inc.",2025-11-13,2026-01-06,125.0,25.0,55.25,True,cash,1.7056,54,ok,26.1765,28.8065,3.6904,4.9613,"Phase 1 lead, pre-revenue",12.0,25.0,USD,33,outbound,2025-03-12,246,False,,,Positive initial clinical data for Emi-Le | FDA Fast Track designation | Nasdaq deficiency notice | Strategic restructuring and 55% workforce reduction
CDTX,"Cidara Therapeutics, Inc.","Merck & Co., Inc.",2025-11-14,2026-01-07,6978.2,221.5,221.5,False,cash,1.1818,54,ok,0.6931,4.578,8.5683,129.1538,"Phase 3 lead, Pre-revenue",118.0,221.5,USD,7,both,2024-11-11,368,False,,,Positive topline Phase 2b NAVIGATE results | End-of-Phase 2 (EOP2) meeting with FDA | BARDA contract award up to $339 million | Phase 3 ANCHOR Trial initiation
APLT,"Applied Therapeutics, Inc.",Cycle Group Holdings Limited,2025-12-11,2026-02-03,13.5,0.088,0.488,True,cash,-0.8965,54,ok,0.9767,1.125,-0.9158,-0.7128,"NDA / Phase 3 lead, pre-revenue",0.088,0.088,USD,9,both,2025-01-29,316,False,,,FDA issues Complete Response Letter for govorestat | CEO Shoshana Shendelman resigns | Workforce reduction and strategic alternative review | Liquidity crisis and risk of bankruptcy
GBIO,Generation Bio Co.,XOMA Royalty Corporation,2025-12-15,2026-02-09,29.0,4.2913,29.3013,True,cash,-0.2082,56,ok,-0.1383,13.2632,2.5195,1.8377,Preclinical lead + Moderna research collaboration,2.15,4.2913,USD,71,outbound,2025-10-17,59,False,,,ctLNP system T cell data announcement | Evaluation of strategic alternatives announcement
DVAX,Dynavax Technologies Corporation,Sanofi,2025-12-24,2026-02-10,1775.6,15.5,15.5,False,cash,0.3864,48,ok,0.0648,0.1408,-0.0998,-0.2003,Commercial + Phase 1/2 lead pipeline,14.4,15.5,USD,3,both,2024-12-12,377,True,PR Newswire/Reuters + 14 months early (poison pill/activist pressure),,Positive Phase 1/2 shingles vaccine data | Deep Track Capital proxy contest | Adoption of stockholder rights plan
RAPT,"RAPT Therapeutics, Inc.",GSK plc,2026-01-20,2026-03-03,1793.5,58.0,58.0,False,cash,0.7155,42,ok,0.7024,3.5505,40.2317,0.3369,"Phase 2b lead asset, pre-revenue",50.0,58.0,USD,10,both,2025-10-01,111,False,,,Release of Phase 2 data for ozureprubart | Positive Phase 2 data in CSU
ACLX,"Arcellx, Inc.","Gilead Sciences, Inc.",2026-02-23,2026-04-28,6747.3,115.0,120.0,True,mixed,0.6987,64,ok,-0.2005,-0.0506,0.0748,0.0132,Phase 3 lead + clinical stage assets,98.0,115.0,USD,2,inbound,2026-02-13,10,False,,,Collaboration and License Agreement with Kite Pharma | Expansion of collaboration to include lymphomas | Potential launch of anito-cel in 2026
DAWN,"Day One Biopharmaceuticals, Inc.",Servier S.A.S.,2026-03-06,2026-04-23,2221.3,21.5,21.5,False,cash,0.8843,48,ok,0.1727,0.7158,-0.0776,-0.2667,Commercial / Phase 3 lead,13.0,21.5,USD,3,inbound,2026-01-12,53,False,,,OJEMDA (tovorafenib) commercial launch | FIREFLY-2 Phase 3 trial | Emi-Le (XMT-1660) Phase 1 entry
LSTA,"Lisata Therapeutics, Inc.",Kuva Labs Inc.,2026-03-06,,36.4,4.0,7.0,True,cash,-0.1189,,ok,1.2039,0.8233,0.816,0.4322,Phase 2a lead asset,4.0,4.0,USD,1,inbound,2024-11-30,461,False,,,License and collaboration agreement with Kuva | Binding term sheet for acquisition | Execution of definitive merger agreement
TERN,"Terns Pharmaceuticals, Inc.","Merck & Co., Inc.",2026-03-25,2026-05-05,6119.3,53.0,53.0,False,cash,0.351,41,ok,0.4905,4.6609,8.8075,4.9802,Phase 1/2 lead asset,50.0,53.0,USD,2,both,2026-01-25,59,False,,,CARDINAL study abstract publication | Updated CARDINAL trial data at ASH Meeting | FDA Breakthrough Therapy Designation for TERN-701
KZR,"Kezar Life Sciences, Inc.",Aurinia Pharmaceuticals Inc.,2026-03-30,2026-05-11,51.4,6.955,,False,cash,0.0381,42,ok,0.0806,0.6962,0.1734,7.375,Phase 2 lead (discontinued) + Phase 1 oncology,1.1,6.955,USD,77,both,2024-10-08,538,False,,,PALIZADE trial enrollment cessation | Unsolicited bid from Concentra | Strategic review initiation | FDA registrational path failure in AIH
APLS,"Apellis Pharmaceuticals, Inc.",Biogen Inc.,2026-03-31,2026-05-14,5248.3,41.0,45.0,True,cash,0.9561,44,ok,-0.016,-0.2398,-0.1666,-0.6251,2 approved drugs (SYFOVRE and EMPAVELI),26.0,41.0,USD,8,both,2024-09-20,557,True,Bloomberg reported takeover interest nearly 3 years early (April 2023),,FDA approval of Syfovre | Acquisition of rival Iveric Bio by Astellas | VALIANT study clinical data
SLNO,"Soleno Therapeutics, Inc.","Neurocrine Biosciences, Inc.",2026-04-06,2026-05-18,2741.1,53.0,53.0,False,cash,0.3357,42,ok,-0.2276,-0.4313,-0.1139,0.0472,"Commercial-stage, 1 approved drug",50.0,53.0,USD,11,both,2026-02-09,56,False,,,FDA approval of VYKAT XR (March 2025) | U.S. commercial launch of VYKAT XR (April 2025) | EMA validation of MAA for diazoxide choline (May 2025) | EMA communication raising concerns about EU approval (February 2026)
KALV,"KalVista Pharmaceuticals, Inc.",Chiesi Farmaceutici S.p.A.,2026-04-29,2026-06-11,1437.5,27.0,27.0,False,cash,0.3968,43,ok,0.2742,0.5589,0.6203,0.5936,Approved / Commercial,21.0,27.0,USD,4,both,2026-01-13,106,True,Bloomberg +15 months early; Betaville +19 months early,,Positive Phase 3 KONFIDENT data | FDA approval of EKTERLY (sebetralstat)
ASRT,"Assertio Holdings, Inc.",Zydus Worldwide DMCC,2026-05-13,2026-06-16,151.9,23.5,23.5,False,cash,0.3041,34,ok,0.9608,20.7108,28.0645,15.8411,Commercial (Rolvedon) + Divested mature assets,13.5,23.5,USD,30,outbound,2026-04-15,28,False,,,
,"Pfizer Acquisition of King Pharmaceuticals, Inc.",,,,,,,False,,,,ok,,,,,Commercial stage with specialty portfolio and EpiPen franchise,12.0,14.25,USD,5,inbound,2010-06-03,,False,,,
