file,company,ticker,cik,status,buyer,acquirer,data_quality,deal_type,payment_type,announcement_date,board_rec_date,tender_exp_date,close_date,ann_year,per_share_upfront,max_per_share_cvr,has_cvr,shares_out,implied_equity_value_m,ann_to_close_days,ann_to_tender_days,currency,premium_override,override_source,unaffected_close,last_pre_close,premium_to_unaffected,premium_to_last,runup_4wk_pct,pct_premium_pre_captured,vol_ratio_4wk,n_price_weeks
2seventy_bio_inc_TSVT.md,"2seventy bio, Inc.",TSVT,1860782,completed,Daybreak Merger Sub Inc.,Bristol-Myers Squibb Company,ok,tender offer,cash,2025-03-10,2025-03-10,2025-05-12,2025-05-13,2025,5.0,5.0,False,53228315.0,266.1,64,63,USD,False,,2.3,2.66,1.1739,0.8797,0.1565,0.1333,0.76,114
89bio_inc_ETNB.md,"89bio, Inc.",ETNB,1785173,completed,"Roche Holdings, Inc.","Roche Holdings, Inc.",ok,tender offer,cash,2025-09-18,2025-09-17,2025-10-29,2025-10-30,2025,14.5,20.5,True,155567271.0,2255.7,42,41,USD,False,,9.23,8.07,0.571,0.7968,-0.1257,-0.2201,0.86,111
ablynx_nv_ABLX.md,Ablynx NV,ABLX,1617582,pending,Sanofi,Sanofi,ok,tender offer,cash,2018-01-29,2018-01-28,2018-05-04,,2018,45.0,45.0,False,75253667.0,3386.4,,95,EUR,True,https://www.sec.gov/Archives/edgar/data/0001121404/000119312518022610/d530660dex991.htm,37.13,37.13,0.212,0.212,,,2.96,27
acceleron_pharma_inc_XLRN.md,ACCELERON PHARMA INC,XLRN,1280600,completed,Merck Sharp & Dohme Corp.,"Merck & Co., Inc.",ok,tender offer,cash,2021-09-30,2021-09-29,2021-11-19,2021-11-19,2021,180.0,180.0,False,61147922.0,11006.6,50,50,USD,False,,129.52,167.65,0.3897,0.0737,0.2944,0.7553,1.39,112
adamas_pharmaceuticals_inc_adms.md,Adamas Pharmaceuticals Inc,ADMS,0001328143,completed,"Supernus Pharmaceuticals, Inc.","Supernus Pharmaceuticals, Inc.",ok,tender offer followed by merger,cash with contingent value rights (CVR),2021-10-10,2021-10-10,,,2021,8.1,9.1,True,45766965.0,370.7,,,USD,False,,4.55,4.61,0.7802,0.757,0.0132,0.0169,0.69,107
adams_respiratory_therapeutics_inc_ARXT.md,"Adams Respiratory Therapeutics, Inc.",ARXT,1319439,completed,Twickenham Inc.,Reckitt Benckiser Group plc,ok,tender offer,cash,2007-12-10,2007-12-09,2008-01-23,2008-01-29,2007,60.0,60.0,False,36020366.0,2161.2,50,44,USD,False,,43.15,43.68,0.3905,0.3736,0.0123,0.0315,0.73,112
adolor_corp_ADLR.md,ADOLOR CORPORATION,ADLR,1076167,completed,FRD Acquisition Corporation,"Cubist Pharmaceuticals, Inc.",ok,tender offer,cash,2011-10-24,2011-10-23,2011-12-06,2011-12-12,2011,4.25,8.75,True,46603391.0,198.1,49,43,USD,False,,1.73,1.92,1.4566,1.2135,0.1098,0.0754,0.77,112
advanced_accelerator_applications_s_a_AAAP.md,Advanced Accelerator Applications S.A.,AAAP,1611787,completed,Novartis Groupe France S.A.,Novartis AG,ok,tender offer,cash,2017-10-30,2017-12-05,2018-01-19,2018-01-22,2017,41.0,41.0,False,88515657.0,3629.1,84,81,USD,False,,67.62,72.91,-0.3937,-0.4377,0.0782,-0.1987,1.28,108
adverum_biotechnologies_inc_ADVM.md,"Adverum Biotechnologies, Inc.",ADVM,1501756,completed,Flying Tigers Acquisition Corporation,Eli Lilly and Company,ok,tender offer,cash,2025-10-24,2025-10-23,2025-12-08,2025-12-09,2025,3.56,12.47,True,22077467.0,78.6,46,45,USD,False,,4.51,4.29,-0.2106,-0.1702,-0.0488,0.2316,8.08,112
akcea_therapeutics_inc_AKCA.md,"Akcea Therapeutics, Inc.",AKCA,1662524,completed,"Ionis Pharmaceuticals, Inc.","Ionis Pharmaceuticals, Inc.",ok,tender offer,cash,2020-08-31,2020-08-30,2020-10-09,2020-10-12,2020,18.15,18.15,False,101759772.0,1846.9,42,39,USD,False,,10.84,11.38,0.6744,0.5949,0.0498,0.0739,0.47,111
akouos_inc_AKUS.md,"Akouos, Inc.",AKUS,1722271,completed,Kearny Acquisition Corporation,Eli Lilly and Company,ok,tender offer,cash,2022-10-18,2022-10-17,2022-11-29,2022-12-01,2022,12.5,15.5,True,36935938.0,461.7,44,42,USD,False,,5.16,7.39,1.4225,0.6915,0.4322,0.3038,0.91,111
albireo_pharma_inc_ALBO.md,"ALBIREO PHARMA, INC.",ALBO,1322505,completed,"Ipsen Biopharmaceuticals, Inc.",Ipsen S.A.,ok,tender offer,cash,2023-01-09,2023-01-08,2023-03-01,2023-03-02,2023,42.0,52.0,True,20863673.0,876.3,52,51,USD,False,,21.36,22.82,0.9663,0.8405,0.0684,0.0707,0.85,112
alder_biopharmaceuticals_inc_ALDR.md,"Alder BioPharmaceuticals, Inc.",ALDR,1423824,completed,Lundbeck LLC,H. Lundbeck A/S,ok,tender offer,cash,2019-09-16,2019-09-15,2019-10-21,2019-10-22,2019,18.0,20.0,True,83836702.0,1509.1,36,35,USD,False,,9.59,10.06,0.877,0.7893,0.049,0.0559,0.67,110
alere_inc_ALR.md,ALERE INC.,ALR,1145460,completed,Abbott Laboratories,Abbott Laboratories,ok,merger,cash,2016-01-30,2017-06-06,,2017-10-03,2016,51.0,51.0,False,87368721.0,4455.8,612,,USD,False,,39.09,37.2,0.3047,0.371,-0.0483,-0.1587,1.94,193
alexza_pharmaceuticals_inc_ALXA.md,Alexza Pharmaceuticals Inc.,ALXA,1344413,completed,"Ferrer Pharma, Inc.","Grupo Ferrer Internacional, S.A.",ok,tender offer,mixed,2016-05-10,2016-05-09,2016-06-20,2016-06-21,2016,0.9,2.56,True,21750615.0,19.6,42,41,USD,False,,0.5,0.54,0.8,0.6667,0.08,0.1,0.24,111
allakos_inc_ALLK.md,Allakos Inc.,ALLK,1564824,completed,"Concentra Biosciences, LLC","Concentra Biosciences, LLC",ok,tender offer,cash,2025-04-02,2025-03-30,2025-05-14,2025-05-15,2025,0.33,0.33,False,90376972.0,29.8,43,42,USD,False,,0.28,0.23,0.1786,0.4348,-0.1786,-1.0,0.23,111
allergan_inc_AGN.md,ALLERGAN INC,AGN,850693,completed,Actavis plc,Actavis plc,ok,merger,mixed,2014-11-16,2014-11-16,,2015-03-17,2014,129.22,219.0,True,296824582.0,38355.7,121,,USD,False,,177.49,198.65,-0.272,-0.3495,0.1192,-0.4384,1.16,123
alpharma_inc_ALO.md,ALPHARMA INC,ALO,730469,completed,"King Pharmaceuticals, Inc.","King Pharmaceuticals, Inc.",ok,tender offer,cash,2008-11-24,2008-11-23,2008-12-19,2008-12-29,2008,37.0,37.0,False,41827154.0,1547.6,35,25,USD,False,,29.44,33.5,0.2568,0.1045,0.1379,0.537,0.59,110
alpine_immune_sciences_inc_ALPN.md,"ALPINE IMMUNE SCIENCES, INC.",ALPN,1626199,completed,Vertex Pharmaceuticals Incorporated,Vertex Pharmaceuticals Incorporated,ok,tender offer,cash,2024-04-10,2024-04-10,2024-05-17,2024-05-20,2024,65.0,65.0,False,65603313.0,4264.2,40,37,USD,False,,35.93,34.91,0.8091,0.8619,-0.0284,-0.0351,1.19,110
amag_pharmaceuticals_inc_AMAG.md,"AMAG PHARMACEUTICALS, INC.",AMAG,792977,completed,Covis Group S.à r.l.,Covis Group S.à r.l.,ok,tender offer,cash,2020-10-01,2020-10-01,2020-11-12,2020-11-16,2020,13.75,13.75,False,34502648.0,474.4,46,42,USD,False,,10.29,8.93,0.3362,0.5398,-0.1322,-0.3931,1.06,112
ambit_biosciences_corp_AMBI.md,AMBIT BIOSCIENCES CORP,AMBI,1131543,completed,"Daiichi Sankyo Company, Limited","Daiichi Sankyo Company, Limited",ok,tender offer,cash,2014-09-28,2014-09-28,2014-11-10,2014-11-10,2014,15.0,19.5,True,18002484.0,270.0,43,43,USD,False,,7.57,8.2,0.9815,0.8293,0.0832,0.0848,0.77,79
amylin_pharmaceuticals_inc_AMLN.md,AMYLIN PHARMACEUTICALS INC,AMLN,881464,completed,Bristol-Myers Squibb Company,Bristol-Myers Squibb Company,ok,tender offer,cash,2012-06-29,2012-06-29,2012-08-07,2012-08-08,2012,31.0,31.0,False,163768702.0,5076.8,40,39,USD,False,,26.73,27.92,0.1597,0.1103,0.0445,0.2787,0.81,111
anacor_pharmaceuticals_inc_ANAC.md,"Anacor Pharmaceuticals, Inc.",ANAC,1411158,completed,Quattro Merger Sub Inc.,Pfizer Inc.,ok,tender offer,cash,2016-05-16,2016-05-13,2016-06-23,2016-06-24,2016,99.25,99.25,False,45444071.0,4510.3,39,38,USD,False,,64.71,64.03,0.5338,0.5501,-0.0105,-0.0197,0.81,25
anadys_pharmaceuticals_inc_ands.md,"Anadys Pharmaceuticals, Inc.",ANDS,0001128495,completed,Hoffmann-La Roche Inc.,Roche Holding Ltd,ok,tender offer,cash,2011-10-17,2011-10-17,2011-11-23,2011-11-23,2011,3.7,3.7,False,57176285.0,211.6,37,37,USD,False,,0.95,1.04,2.8947,2.5577,0.0947,0.0327,1.23,110
anormed_inc_ANOR.md,AnorMED Inc.,ANOR,1341988,completed,Genzyme Corporation,Genzyme Corporation,ok,tender offer,cash,2006-08-30,2006-10-17,2006-11-07,2006-11-07,2006,13.5,13.5,False,41977011.0,566.7,69,69,USD,False,,6.41,5.51,1.1061,1.4501,-0.1404,-0.1269,0.44,54
apellis_pharmaceuticals_inc_APLS.md,"Apellis Pharmaceuticals, Inc.",APLS,1492422,completed,"Aspen Purchaser Sub, Inc.",Biogen Inc.,ok,tender offer,cash,2026-03-31,2026-03-30,2026-05-13,2026-05-14,2026,41.0,45.0,True,128007815.0,5248.3,44,43,USD,False,,20.96,16.97,0.9561,1.416,-0.1904,-0.1991,0.78,111
applied_genetic_technologies_corp_AGTC.md,Applied Genetic Technologies Corporation,AGTC,1273636,completed,Alliance Holdco Limited,Syncona Limited,ok,tender offer,mixed,2022-10-24,2022-10-23,2022-11-30,2022-11-30,2022,0.34,1.07,True,67632195.0,23.0,37,37,USD,False,,0.29,0.24,0.1724,0.4167,-0.1724,-1.0,0.65,110
applied_therapeutics_inc_APLT.md,"Applied Therapeutics, Inc.",APLT,1697532,completed,"AT2B, Inc.",Cycle Group Holdings Limited,ok,tender offer,cash,2025-12-11,2025-12-11,2026-02-02,2026-02-03,2025,0.088,0.488,True,153957727.0,13.5,54,53,USD,False,,0.85,0.22,-0.8965,-0.6,-0.7412,0.8268,3.56,113
arcellx_inc_aclx.md,"Arcellx, Inc.",ACLX,1786205,completed,"Gilead Sciences, Inc.","Gilead Sciences, Inc.",ok,tender offer,mixed,2026-02-23,2026-02-22,2026-04-27,2026-04-28,2026,115.0,120.0,True,58672448.0,6747.3,64,63,USD,False,,67.7,64.11,0.6987,0.7938,-0.053,-0.0759,0.67,114
ariad_pharmaceuticals_inc_ARIA.md,ARIAD PHARMACEUTICALS INC,ARIA,884731,completed,"Kiku Merger Co., Inc.",Takeda Pharmaceutical Company Limited,ok,tender offer,cash,2017-01-09,2017-01-08,2017-02-15,2017-02-16,2017,24.0,24.0,False,194580850.0,4669.9,38,37,USD,False,,12.68,13.74,0.8927,0.7467,0.0836,0.0936,0.4,110
armo_biosciences_inc_armo.md,"ARMO BioSciences, Inc.",ARMO,0001693664,completed,Eli Lilly and Company,Eli Lilly and Company,ok,tender offer,cash,2018-05-10,2018-05-09,2018-06-21,2018-06-22,2018,50.0,50.0,False,30405109.0,1520.3,43,42,USD,False,,35.89,27.98,0.3931,0.787,-0.2204,-0.5606,,22
arqule_inc_arql.md,"ArQule, Inc.",ARQL,1019695,completed,Merck Sharp & Dohme Corp.,Merck Sharp & Dohme Corp.,ok,tender offer + merger under DGCL Section 251(h),cash,2019-12-09,2019-12-06,2020-01-15,2020-01-16,2019,20.0,20.0,False,120873271.0,2417.5,38,37,USD,False,,7.22,9.67,1.7701,1.0683,0.3393,0.1917,2.31,33
array_biopharma_inc_ARRY.md,ARRAY BIOPHARMA INC,ARRY,1100412,completed,Pfizer Inc.,Pfizer Inc.,ok,tender offer,cash,2019-06-17,2019-06-14,2019-07-29,2019-07-30,2019,48.0,48.0,False,223128985.0,10710.2,43,42,USD,False,,21.86,27.14,1.1958,0.7686,0.2415,0.202,1.95,102
assertio_holdings_inc_ASRT.md,"Assertio Holdings, Inc.",ASRT,1808665,completed,Zara Merger Sub Inc.,Zydus Worldwide DMCC,ok,tender offer,cash,2026-05-13,2026-05-13,2026-06-15,2026-06-16,2026,23.5,23.5,False,6462180.0,151.9,34,33,USD,False,,18.02,22.5,0.3041,0.0444,0.2486,0.8175,3.39,110
assertio_therapeutics_inc_ASRT.md,"Depomed, Inc.",ASRT,1005201,terminated,Horizon Pharma plc,Horizon Pharma plc,ok,tender offer,stock,2015-07-07,2015-09-11,2015-11-06,,2015,0.95,27.54,True,60367385.0,57.3,,122,USD,False,,21.89,20.84,-0.9566,-0.9544,-0.048,0.0501,0.69,118
audentes_therapeutics_inc_BOLD.md,"Audentes Therapeutics, Inc.",BOLD,1628738,completed,Astellas Pharma Inc.,Astellas Pharma Inc.,ok,tender offer,cash,2019-12-02,2019-12-01,2020-01-14,2020-01-15,2019,60.0,60.0,False,46272171.0,2776.3,44,43,USD,False,,29.06,29.03,1.0647,1.0668,-0.001,-0.001,0.78,111
auspex_pharmaceuticals_inc_ASPX.md,"Auspex Pharmaceuticals, Inc.",ASPX,1454189,completed,Teva Pharmaceutical Industries Ltd.,Teva Pharmaceutical Industries Ltd.,ok,tender offer,cash,2015-03-30,2015-03-29,2015-05-05,2015-05-05,2015,101.0,101.0,False,31834373.0,3215.3,36,36,USD,False,,67.24,70.91,0.5021,0.4243,0.0546,0.1087,1.35,66
avanir_pharmaceuticals_inc_AVNR.md,"AVANIR PHARMACEUTICALS, INC.",AVNR,858803,completed,"Otsuka Pharmaceutical Co., Ltd.","Otsuka Pharmaceutical Co., Ltd.",ok,tender offer,cash,2014-12-02,2014-12-01,2015-01-12,2015-01-13,2014,17.0,17.0,False,193811203.0,3294.8,42,41,USD,False,,12.94,14.92,0.3138,0.1394,0.153,0.4877,0.32,111
avexis_inc_AVXS.md,"AveXis, Inc.",AVXS,1652923,completed,Novartis AM Merger Corporation,Novartis AG,ok,tender offer,cash,2018-04-09,2018-04-06,2018-05-14,2018-05-15,2018,218.0,225.0,True,36816253.0,8025.9,36,35,USD,False,,136.93,115.91,0.5921,0.8808,-0.1535,-0.2593,0.6,110
avigen_inc_de_AVGN.md,"Avigen, Inc.",AVGN,932903,completed,"MediciNova, Inc.","MediciNova, Inc.",ok,merger,mixed,2009-08-21,2009-01-29,,2009-12-15,2009,1.19,1.24,True,26769115.0,31.9,116,,USD,False,,1.31,1.34,-0.0916,-0.1119,0.0229,-0.25,0.49,122
bayer_schering_pharma_aktiengesellschaft_no_ticker.md,SCHERING AKTIENGESELLSCHAFT,no_ticker,1124139,completed,Bayer Aktiengesellschaft,Bayer Aktiengesellschaft,ok,tender offer,cash,2006-03-23,2006-03-24,2006-07-06,2006-10-27,2006,89.36,89.36,False,194000000.0,17335.8,218,105,USD,False,,,,,,,,,0
biodelivery_sciences_international_bdsi.md,BioDelivery Sciences International Inc.,BDSI,1103021,completed,Collegium Pharmaceuticals Inc.,Collegium Pharmaceuticals Inc.,ok,tender offer + merger,cash,2022-02-14,2022-02-13,2022-03-18,2022-03-22,2022,5.6,5.6,False,101535580.0,568.6,36,32,USD,False,,3.51,5.56,0.5954,0.0072,0.584,0.9809,3.83,111
bioenvision_inc_BIVN.md,"BIOENVISION, INC.",BIVN,1028205,completed,Genzyme Corporation,Genzyme Corporation,ok,tender offer,cash,2007-05-29,2007-05-28,2007-07-02,2007-10-10,2007,5.6,5.6,False,55035739.0,308.2,134,34,USD,False,,3.7,5.25,0.5135,0.0667,0.4189,0.8158,3.38,124
biospecifics_technologies_corp_BSTC.md,BioSpecifics Technologies Corp.,BSTC,875622,completed,Beta Acquisition Corp.,Endo International plc,ok,tender offer,cash,2020-10-19,2020-10-16,2020-12-01,2020-12-02,2020,88.5,88.5,False,7344955.0,650.0,44,43,USD,False,,56.79,61.02,0.5584,0.4503,0.0745,0.1334,1.02,111
biotie_therapies_corp_BITI.md,Biotie Therapies Oyj,BITI,1579695,completed,"Acorda Therapeutics, Inc.","Acorda Therapeutics, Inc.",ok,tender offer,cash,2016-01-19,2016-01-19,2016-04-08,2016-04-11,2016,0.2946,0.2946,False,980921795.0,289.0,83,80,USD,False,,14.0,13.2,-0.979,-0.9777,-0.0571,0.0584,0.92,45
bioverativ_inc_BIVV.md,Bioverativ Inc.,BIVV,1681689,completed,Sanofi,Sanofi,ok,tender offer,cash,2018-01-22,2018-01-21,2018-03-07,2018-03-08,2018,105.0,105.0,False,108223091.0,11363.4,45,44,USD,False,,54.04,64.11,0.943,0.6378,0.1863,0.1976,0.57,58
bluebird_bio_inc_BLUE.md,"bluebird bio, Inc.",BLUE,1293971,completed,"Beacon Merger Sub, Inc.","Beacon Parent Holdings, L.P. (backed by The Carlyle Group and SK Capital Partners)",ok,tender offer,cash,2025-02-21,2025-02-20,2025-05-29,2025-06-02,2025,3.0,9.84,True,9741657.0,29.2,101,97,USD,False,,7.8,7.27,-0.6154,-0.5873,-0.0679,0.1104,0.42,119
blueprint_medicines_corp_BPMC.md,Blueprint Medicines Corporation,BPMC,1597264,completed,Aventis Inc.,SANOFI,ok,tender offer,cash,2025-06-02,2025-05-31,2025-07-17,2025-07-17,2025,129.0,135.0,True,64733629.0,8350.6,45,45,USD,False,,104.64,101.35,0.2328,0.2728,-0.0314,-0.1351,0.68,111
cadence_pharmaceuticals_cadx.md,Cadence Pharmaceuticals Inc,CADX,1333248,completed,Mallinckrodt plc,Mallinckrodt plc,ok,tender offer followed by Section 251(h) merger,cash (with contingent value right option),2014-02-10,2014-02-10,2014-03-18,2014-03-19,2014,14.0,14.0,False,89183960.0,1248.6,37,36,USD,False,,10.29,11.05,0.3605,0.267,0.0739,0.2049,0.96,111
cadista_holdings_inc_CADI.md,Cadista Holdings Inc.,CADI,1521762,pending,Jubilant Pharma Limited,Jubilant Life Sciences Ltd.,ok,tender offer,cash,2014-08-01,2014-10-24,,,2014,1.6,1.6,False,117797180.0,188.5,,,USD,False,,,,,,,,,0
calliditas_therapeutics_ab_CALT.md,Calliditas Therapeutics AB (publ),CALT,1795579,pending,Asahi Kasei Corporation,Asahi Kasei Corporation,ok,tender offer,cash,2024-05-28,2024-05-27,2024-08-30,,2024,208.0,208.0,False,59941465.0,12467.8,,94,SEK,True,https://www.calliditas.se/en/recommended-offer/,113.6,113.6,0.83,0.83,,,0.73,118
cargo_therapeutics_inc_CRGX.md,"CARGO Therapeutics, Inc.",CRGX,1966494,completed,"Concentra Biosciences, LLC","Tang Capital Partners, LP",ok,tender offer,cash,2025-07-08,2025-07-07,2025-08-18,2025-08-19,2025,4.379,4.59,True,46516983.0,203.7,42,41,USD,False,,4.75,4.46,-0.0781,-0.0182,-0.0611,0.7817,0.58,94
celator_pharmaceuticals_inc_cpxx.md,Celator Pharmaceuticals Inc,CPXX,1327467,completed,Jazz Pharmaceuticals plc,Jazz Pharmaceuticals plc,ok,tender offer followed by merger,cash,2016-05-27,2016-05-27,2016-07-11,2016-07-12,2016,30.25,30.25,False,42966043.0,1299.7,46,45,USD,False,,14.84,16.9,1.0384,0.7899,0.1388,0.1337,0.45,107
cellular_dynamics_international_inc_ICEL.md,"CELLULAR DYNAMICS INTERNATIONAL, INC.",ICEL,1482080,completed,Badger Acquisition Corporation,FUJIFILM Holdings Corporation,ok,tender offer,cash,2015-03-30,2015-03-29,2015-04-30,2015-05-01,2015,16.5,16.5,False,15814008.0,260.9,32,31,USD,False,,5.43,7.94,2.0387,1.0781,0.4622,0.2267,2.84,93
chattem_inc_CHTT.md,CHATTEM INC,CHTT,19520,completed,River Acquisition Corp.,sanofi-aventis,ok,tender offer,cash,2009-12-21,2009-12-20,2010-02-08,2010-03-10,2009,93.5,93.5,False,18979170.0,1774.6,79,49,USD,False,,66.44,69.98,0.4073,0.3361,0.0533,0.1308,0.64,116
checkmate_pharmaceuticals_inc_CMPI.md,"Checkmate Pharmaceuticals, Inc.",CMPI,1651431,completed,"Regeneron Pharmaceuticals, Inc.","Regeneron Pharmaceuticals, Inc.",ok,tender offer,cash,2022-04-19,2022-04-18,2022-05-27,2022-05-31,2022,10.5,10.5,False,22031231.0,231.3,42,38,USD,False,,3.15,2.54,2.3333,3.1339,-0.1937,-0.083,0.45,96
chelsea_therapeutics_international_ltd_CHTP.md,"Chelsea Therapeutics International, Ltd.",CHTP,1333763,completed,H. Lundbeck A/S,H. Lundbeck A/S,ok,tender offer,mixed,2014-05-08,2014-05-07,2014-06-20,2014-06-23,2014,6.44,7.94,True,78935852.0,508.3,46,43,USD,False,,5.32,5.13,0.2105,0.2554,-0.0357,-0.1696,0.39,112
chembio_diagnostics_inc_CEMI.md,"CHEMBIO DIAGNOSTICS, INC.",CEMI,1092662,completed,Biosynex SA,Biosynex SA,ok,tender offer,cash,2023-01-31,2023-01-31,2023-04-26,2023-04-27,2023,0.45,0.45,False,36725858.0,16.5,86,85,USD,False,,0.22,0.35,1.0455,0.2857,0.5909,0.5652,1.91,117
chimerix_inc_cmrx.md,"Chimerix, Inc.",CMRX,1117480,completed,Jazz Pharmaceuticals Public Limited Company,Jazz Pharmaceuticals Public Limited Company,ok,tender offer followed by merger under DGCL Section 251(h),cash,2025-03-05,2025-03-04,2025-04-17,2025-04-21,2025,8.55,8.55,False,93803846.0,802.0,47,43,USD,False,,3.94,5.25,1.1701,0.6286,0.3325,0.2842,0.27,111
cidara_therapeutics_inc_CDTX.md,"Cidara Therapeutics, Inc.",CDTX,1610618,completed,Merck Sharp & Dohme LLC,"Merck & Co., Inc.",ok,tender offer,cash,2025-11-14,2025-11-13,2026-01-06,2026-01-07,2025,221.5,221.5,False,31504288.0,6978.2,54,53,USD,False,,101.52,104.39,1.1818,1.1219,0.0283,0.0239,0.94,113
cincor_pharma_inc_CINC.md,"CinCor Pharma, Inc.",CINC,1868734,completed,AstraZeneca Finance and Holdings Inc.,AstraZeneca PLC,ok,tender offer,cash,2023-01-09,2023-01-08,2023-02-23,2023-02-24,2023,26.0,36.0,True,43783800.0,1138.4,46,45,USD,False,,11.94,11.78,1.1776,1.2071,-0.0134,-0.0114,0.7,60
clinical_data_inc_CLDA.md,CLINICAL DATA INC,CLDA,716646,completed,Magnolia Acquisition Corp.,"Forest Laboratories, Inc.",ok,tender offer,cash,2011-02-22,2011-02-21,2011-04-11,2011-04-12,2011,30.0,36.0,True,31090561.0,932.7,49,48,USD,False,,15.03,33.9,0.996,-0.115,1.2555,1.2605,7.56,112
coley_pharmaceutical_group_inc_COLY.md,"Coley Pharmaceutical Group, Inc.",COLY,1319197,completed,Pfizer Inc.,Pfizer Inc.,ok,tender offer,cash,2007-11-16,2007-11-15,2007-12-28,2008-01-04,2007,8.0,8.0,False,26741697.0,213.9,49,42,USD,False,,2.97,3.26,1.6936,1.454,0.0976,0.0577,1.56,112
collagenex_pharmaceuticals_inc_CGPI.md,COLLAGENEX PHARMACEUTICALS INC,CGPI,1012270,completed,"Galderma Laboratories, Inc.",Galderma Pharma S.A.,ok,tender offer,cash,2008-02-26,2008-02-25,2008-04-04,2008-04-10,2008,16.6,16.6,False,21576533.0,358.2,44,38,USD,False,,11.75,12.63,0.4128,0.3143,0.0749,0.1814,1.13,111
colucid_pharmaceuticals_inc_CLCD.md,"CoLucid Pharmaceuticals, Inc.",CLCD,1348649,completed,Eli Lilly and Company,Eli Lilly and Company,ok,tender offer,cash,2017-01-18,2017-01-17,2017-02-28,2017-03-01,2017,46.5,46.5,False,19284290.0,896.7,42,41,USD,False,,36.15,34.3,0.2863,0.3557,-0.0512,-0.1787,0.7,96
concert_pharmaceuticals_inc_CNCE.md,"Concert Pharmaceuticals, Inc.",CNCE,1367920,completed,Sun Pharmaceutical Industries Ltd.,Sun Pharmaceutical Industries Ltd.,ok,tender offer,cash,2023-01-19,2023-01-18,2023-03-03,2023-03-06,2023,8.0,11.5,True,62211678.0,497.7,46,43,USD,False,,4.7,7.05,0.7021,0.1348,0.5,0.7121,1.23,112
constellation_pharmaceuticals_inc_CNST.md,CONSTELLATION PHARMACEUTICALS INC,CNST,1434418,completed,MorphoSys AG,MorphoSys AG,ok,tender offer,cash,2021-06-02,2021-06-01,2021-07-14,2021-07-15,2021,34.0,34.0,False,48054654.0,1633.9,43,42,USD,False,,21.62,19.81,0.5726,0.7163,-0.0837,-0.1462,0.89,111
cotherix_inc_CTRX.md,COTHERIX INC,CTRX,1138812,completed,Actelion US Holding Company,Actelion Ltd.,ok,tender offer,cash,2006-11-19,2006-11-19,2007-01-08,2007-01-09,2006,13.5,13.5,False,28783794.0,388.6,51,50,USD,False,,3.87,4.69,2.4884,1.8785,0.2119,0.0852,1.35,31
cougar_biotechnology_inc_CGRB.md,"Cougar Biotechnology, Inc.",CGRB,1335102,completed,Johnson & Johnson,Johnson & Johnson,ok,tender offer,cash,2009-05-21,2009-05-21,2009-07-02,2009-07-03,2009,43.0,43.0,False,20791368.0,894.0,43,42,USD,False,,33.78,35.14,0.2729,0.2237,0.0403,0.1475,1.06,109
cti_biopharma_corp_CTIC.md,CTI BIOPHARMA CORP,CTIC,891293,completed,Cleopatra Acquisition Corp.,Swedish Orphan Biovitrum AB (publ),ok,tender offer,cash,2023-05-10,2023-05-09,2023-06-23,2023-06-26,2023,9.1,9.1,False,131880176.0,1200.1,47,44,USD,False,,4.23,4.9,1.1513,0.8571,0.1584,0.1376,1.01,112
cubist_pharmaceuticals_cbst.md,Cubist Pharmaceuticals Inc.,CBST,912183,completed,"Merck & Co., Inc.","Merck & Co., Inc.",ok,tender offer followed by merger,cash,2014-12-08,2014-12-07,2015-01-20,2015-01-21,2014,102.0,102.0,False,76421535.0,7795.0,44,43,USD,False,,81.46,74.36,0.2521,0.3717,-0.0872,-0.3457,1.31,32
curevac_n_v_CVAC.md,CureVac N.V.,CVAC,1809122,pending,BioNTech SE,BioNTech SE,ok,tender offer,stock,2025-06-12,2025-06-11,2025-11-19,,2025,5.4641,5.4641,True,225181647.0,1230.4,,160,USD,False,,3.47,4.41,0.5747,0.239,0.2709,0.4714,1.25,118
cymabay_therapeutics_inc_CBAY.md,"CymaBay Therapeutics, Inc.",CBAY,1042074,completed,"Pacific Merger Sub, Inc.","Gilead Sciences, Inc.",ok,tender offer,cash,2024-02-12,2024-02-11,2024-03-21,2024-03-22,2024,32.5,32.5,False,114811001.0,3731.4,39,38,USD,False,,23.76,25.69,0.3678,0.2651,0.0812,0.2208,0.67,110
cypress_bioscience_inc_CYPB.md,CYPRESS BIOSCIENCE INC,CYPB,716054,completed,Ramius Value and Opportunity Advisors LLC,Ramius Value and Opportunity Advisors LLC,ok,tender offer,cash,2010-12-14,2010-12-14,2011-03-14,2010-12-14,2010,6.5,6.5,False,38588190.0,250.8,0,90,USD,False,,3.98,4.93,0.6332,0.3185,0.2387,0.377,1.12,105
day_one_biopharmaceuticals_inc_DAWN.md,"Day One Biopharmaceuticals, Inc.",DAWN,1845337,completed,Servier Pharmaceuticals LLC,Servier S.A.S.,ok,tender offer,cash,2026-03-06,2026-03-05,2026-04-22,2026-04-23,2026,21.5,21.5,False,103317336.0,2221.3,48,47,USD,False,,11.41,10.6,0.8843,1.0283,-0.071,-0.0803,0.7,112
decibel_therapeutics_inc_DBTX.md,"Decibel Therapeutics, Inc.",DBTX,1656536,completed,"Regeneron Pharmaceuticals, Inc.","Regeneron Pharmaceuticals, Inc.",ok,tender offer,cash,2023-08-09,2023-08-08,2023-09-22,2023-09-25,2023,4.0,7.5,True,25325711.0,101.3,47,44,USD,False,,3.5,3.03,0.1429,0.3201,-0.1343,-0.94,1.01,112
deciphera_pharmaceuticals_inc_DCPH.md,"Deciphera Pharmaceuticals, Inc.",DCPH,1654151,completed,"ONO Pharmaceutical Co., Ltd.","ONO Pharmaceutical Co., Ltd.",ok,tender offer,cash,2024-04-29,2024-04-28,2024-06-10,2024-06-11,2024,25.6,25.6,False,86475972.0,2213.8,43,42,USD,False,,15.73,14.65,0.6275,0.7474,-0.0687,-0.1094,0.82,111
dermira_inc_DERM.md,"Dermira, Inc.",DERM,1557883,completed,Eli Lilly and Company,Eli Lilly and Company,ok,tender offer,cash,2020-01-10,2020-01-10,2020-02-19,2020-02-20,2020,18.75,18.75,False,54695352.0,1025.5,41,40,USD,False,,12.7,14.65,0.4764,0.2799,0.1535,0.3223,1.03,111
dicerna_pharmaceuticals_drna.md,"Dicerna Pharmaceuticals, Inc.",DRNA,1399529,completed,Novo Nordisk A/S,Novo Nordisk A/S (Danish aktieselskab),ok,tender offer followed by short-form merger under DGCL Section 251(h),cash,2021-11-18,2021-11-17,2021-12-27,2021-12-28,2021,38.25,38.25,False,78129378.0,2988.4,40,39,USD,False,,21.23,22.16,0.8017,0.7261,0.0438,0.0546,0.9,111
digene_corp_DIGE.md,DIGENE CORPORATION,DIGE,1011582,completed,QIAGEN N.V.,QIAGEN N.V.,ok,tender offer,mixed,2007-06-03,2007-06-02,2007-07-20,2007-07-30,2007,61.25,61.25,False,24461887.0,1498.3,57,47,USD,False,,45.97,44.77,0.3324,0.3681,-0.0261,-0.0785,1.11,114
dimension_therapeutics_inc_DMTX.md,"Dimension Therapeutics, Inc.",DMTX,1592288,completed,Ultragenyx Pharmaceutical Inc.,Ultragenyx Pharmaceutical Inc.,ok,tender offer,cash,2017-10-03,2017-10-02,2017-11-06,2017-11-07,2017,6.0,6.0,False,25205395.0,151.2,35,34,USD,False,,3.48,6.0,0.7241,0.0,0.7241,1.0,1.1,108
dova_pharmaceuticals_inc_DOVA.md,"Dova Pharmaceuticals, Inc.",DOVA,1685071,completed,Swedish Orphan Biovitrum AB (publ),Swedish Orphan Biovitrum AB (publ),ok,tender offer,cash,2019-09-30,2019-09-29,2019-11-08,2019-11-12,2019,27.5,29.0,True,28841998.0,793.2,43,39,USD,False,,14.99,20.19,0.8346,0.3621,0.3469,0.4157,1.46,111
durata_therapeutics_inc_DRTX.md,"Durata Therapeutics, Inc.",DRTX,1544116,completed,Actavis W.C. Holding Inc.,Actavis plc,ok,tender offer,cash,2014-10-06,2014-10-05,2014-11-14,2014-11-17,2014,23.0,28.0,True,26790203.0,616.2,42,39,USD,False,,14.93,13.88,0.5405,0.6571,-0.0703,-0.1301,0.82,111
durect_corp_DRRX.md,DURECT CORPORATION,DRRX,1082038,completed,"Bausch Health Americas, Inc.",Bausch Health Companies Inc.,ok,tender offer,cash,2025-07-29,2025-07-28,2025-09-10,2025-09-11,2025,1.75,13.02,True,31042581.0,54.3,44,43,USD,False,,0.63,0.57,1.7778,2.0702,-0.0952,-0.0536,0.39,111
dusa_pharmaceuticals_inc_DUSA.md,"DUSA PHARMACEUTICALS, INC.",DUSA,879993,completed,"Caraco Pharmaceutical Laboratories, Ltd.",Sun Pharmaceutical Industries Limited,ok,tender offer,cash,2012-11-08,2012-11-07,2012-12-19,2012-12-20,2012,8.0,8.0,False,25027683.0,200.2,42,41,USD,False,,6.81,6.15,0.1747,0.3008,-0.0969,-0.5546,0.66,111
dynavax_technologies_corp_DVAX.md,Dynavax Technologies Corporation,DVAX,1029142,completed,"Samba Merger Sub, Inc.",Sanofi,ok,tender offer,cash,2025-12-24,2025-12-23,2026-02-09,2026-02-10,2025,15.5,15.5,False,114555453.0,1775.6,48,47,USD,False,,11.18,10.86,0.3864,0.4273,-0.0286,-0.0741,1.0,112
elan_corp_plc_ELN.md,"ELAN CORPORATION, PLC",ELN,737572,pending,Royalty Pharma,Royalty Pharma,ok,tender offer,cash,2013-05-15,2013-05-15,,,2013,,,False,,,,,USD,False,,12.01,11.78,,,-0.0192,,1.28,118
elevation_oncology_inc_ELEV.md,"Elevation Oncology, Inc.",ELEV,1783032,completed,"Concentra Biosciences, LLC","Concentra Biosciences, LLC",ok,tender offer,cash,2025-06-09,2025-06-08,2025-07-22,2025-07-23,2025,0.36,0.36,False,59252879.0,21.3,44,43,USD,False,,0.34,0.32,0.0588,0.125,-0.0588,-1.0,0.45,111
encysive_pharmaceuticals_inc_ENCY.md,ENCYSIVE PHARMACEUTICALS INC,ENCY,887023,completed,Pfizer Inc.,Pfizer Inc.,ok,tender offer,cash,2008-02-20,2008-02-20,2008-03-31,2008-06-10,2008,2.35,2.35,False,80962765.0,190.3,111,40,USD,False,,0.68,0.85,2.4559,1.7647,0.25,0.1018,0.53,121
endo_pharmaceuticals_solutions_inc_ENDP.md,"Indevus Pharmaceuticals, Inc.",ENDP,854222,completed,BTB Purchaser Inc.,Endo Pharmaceuticals Holdings Inc.,ok,tender offer,cash,2009-01-05,2009-01-05,2009-02-20,2009-03-23,2009,4.5,7.5,True,78187842.0,351.8,77,46,USD,False,,2.41,3.15,0.8672,0.4286,0.3071,0.3541,0.73,116
entasis_therapeutics_holdings_inc_ETTX.md,Entasis Therapeutics Holdings Inc.,ETTX,1724344,completed,"Innoviva Merger Sub, Inc.","Innoviva, Inc.",ok,tender offer,cash,2022-05-23,2022-05-22,2022-07-07,2022-07-11,2022,2.2,2.2,False,47851779.0,105.3,49,45,USD,False,,1.88,1.8,0.1702,0.2222,-0.0426,-0.25,0.63,112
epizyme_inc_EPZM.md,"Epizyme, Inc.",EPZM,1571498,completed,Ipsen Pharma SAS,Ipsen S.A.,ok,tender offer,cash,2022-06-27,2022-06-26,2022-08-11,2022-08-12,2022,1.45,2.45,True,168364752.0,244.1,46,45,USD,False,,0.45,0.95,2.2222,0.5263,1.1111,0.5,2.05,111
eurand_n_v_EURX.md,EURAND N.V.,EURX,1119745,completed,Axcan Pharma Holding B.V.,Axcan Holdings Inc.,ok,tender offer,cash,2010-12-01,2010-11-30,2011-01-20,2011-01-20,2010,12.0,12.0,False,48020637.0,576.2,50,50,USD,False,,10.96,11.53,0.0949,0.0408,0.052,0.5481,1.63,112
evoke_pharma_inc_EVOK.md,"Evoke Pharma, Inc.",EVOK,1403708,completed,"QOL Medical, LLC","QOL Medical, LLC",ok,tender offer,cash,2025-11-04,2025-11-03,2025-12-15,2025-12-17,2025,11.0,11.0,False,1722409.0,18.9,43,41,USD,False,,4.57,5.15,1.407,1.1359,0.1269,0.0902,0.11,110
five_prime_therapeutics_inc_fprx.md,"Five Prime Therapeutics, Inc.",FPRX,1175505,completed,Amgen Inc.,Amgen Inc.,ok,tender offer followed by Section 251(h) merger without stockholder vote,cash,2021-03-04,2021-03-03,2021-04-16,2021-04-16,2021,38.0,38.0,False,45941900.0,1745.8,43,43,USD,False,,41.63,35.27,-0.0872,0.0774,-0.1528,1.7521,0.96,30
flexion_therapeutics_inc_FLXN.md,Flexion Therapeutics Inc,FLXN,1419600,completed,"Pacira BioSciences, Inc.","Pacira BioSciences, Inc.",ok,tender offer,mixed,2021-10-11,2021-10-10,2021-11-18,2021-11-19,2021,8.5,16.5,True,50320466.0,427.7,39,38,USD,False,,6.05,5.78,0.405,0.4706,-0.0446,-0.1102,1.12,110
forma_therapeutics_holdings_inc_FMTX.md,"Forma Therapeutics Holdings, Inc.",FMTX,1538927,completed,"NNUS New Dev, Inc.",Novo Nordisk A/S,ok,tender offer,cash,2022-09-01,2022-08-31,2022-10-13,2022-10-14,2022,20.0,20.0,False,47866342.0,957.3,43,42,USD,False,,8.28,12.49,1.4155,0.6013,0.5085,0.3592,0.42,111
forty_seven_inc_FTSV.md,"Forty Seven, Inc.",FTSV,1667633,completed,"Toro Merger Sub, Inc.","Gilead Sciences, Inc.",ok,tender offer,cash,2020-03-02,2020-03-01,2020-04-06,2020-04-07,2020,95.5,95.5,False,48151481.0,4598.5,36,35,USD,False,,36.87,58.0,1.5902,0.6466,0.5731,0.3604,0.57,94
g1_therapeutics_inc_GTHX.md,"G1 Therapeutics, Inc.",GTHX,1560241,completed,Pharmacosmos A/S,Pharmacosmos A/S,ok,tender offer,cash,2024-08-07,2024-08-06,2024-09-17,2024-09-18,2024,7.15,7.15,False,52890375.0,378.2,42,41,USD,False,,2.51,3.98,1.8486,0.7965,0.5857,0.3168,0.85,111
genelabs_technologies_inc_ca_GNLB.md,"GENELABS TECHNOLOGIES, INC.",GNLB,874443,completed,SmithKline Beecham Corporation,GlaxoSmithKline plc,ok,tender offer,cash,2008-10-29,2008-10-29,2009-01-07,2009-01-07,2008,1.3,1.3,False,43879917.0,57.0,70,70,USD,False,,0.47,0.29,1.766,3.4828,-0.383,-0.2169,0.88,115
genentech_inc_DNA.md,GENENTECH INC,DNA,318771,completed,Roche Investments USA Inc.,Roche Holding Ltd,ok,tender offer,cash,2008-07-21,2009-03-12,2009-03-25,2009-03-26,2008,95.0,95.0,False,1053413655.0,100074.3,248,247,USD,False,,74.76,81.82,0.2707,0.1611,0.0944,0.3488,1.18,140
generation_bio_co_GBIO.md,Generation Bio Co.,GBIO,1733294,completed,XRA 7 Corp.,XOMA Royalty Corporation,ok,tender offer,cash,2025-12-15,2025-12-15,2026-02-06,2026-02-09,2025,4.2913,29.3013,True,6748972.0,29.0,56,53,USD,False,,5.42,5.43,-0.2082,-0.2097,0.0018,-0.0089,0.64,113
genzyme_corp_genz.md,GENZYME CORP,GENZ,732485,completed,sanofi-aventis,sanofi-aventis,ok,tender offer,mixed,2010-10-04,2010-10-07,2011-04-04,2011-04-08,2010,74.0,,False,258991017.0,19165.3,186,182,USD,False,,70.49,70.88,0.0498,0.044,0.0055,0.1111,0.58,924
greenlight_biosciences_holdings_pbc_GRNA.md,"GreenLight Biosciences Holdings, PBC",GRNA,1822691,completed,"Fall Line Capital, LLC","SW ParentCo, Inc.",ok,tender offer,cash,2023-05-30,2023-05-29,2023-07-19,2023-07-24,2023,0.3,0.3,False,151681314.0,45.5,55,50,USD,False,,0.32,0.2,-0.0625,0.5,-0.375,6.0,1.0,78
hillevax_inc_HLVX.md,"HilleVax, Inc.",HLVX,1888012,completed,XOMA Royalty Corporation,XOMA Royalty Corporation,ok,tender offer,cash,2025-08-04,2025-08-03,2025-09-15,2025-09-17,2025,1.95,1.95,False,50141064.0,97.8,44,42,USD,False,,2.06,2.04,-0.0534,-0.0441,-0.0097,0.1818,0.37,111
hyperion_therapeutics_inc_HPTX.md,HYPERION THERAPEUTICS INC,HPTX,1386858,completed,"Horizon Pharma, Inc.",Horizon Pharma plc,ok,tender offer,cash,2015-03-30,2015-03-29,2015-05-07,2015-05-07,2015,46.0,46.0,False,20874966.0,960.2,38,38,USD,False,,29.55,42.74,0.5567,0.0763,0.4464,0.8018,4.53,110
icagen_inc_ICGN.md,ICAGEN INC,ICGN,902622,completed,Eclipse Acquisition Corp.,Pfizer Inc.,ok,tender offer,cash,2011-07-20,2011-07-19,2011-09-02,2011-10-27,2011,6.0,6.0,False,8852725.0,53.1,99,44,USD,False,,2.14,7.43,1.8037,-0.1925,2.472,1.3705,12.41,119
icosavax_inc_ICVX.md,"Icosavax, Inc.",ICVX,1786255,completed,AstraZeneca Finance and Holdings Inc.,AstraZeneca PLC,ok,tender offer,cash,2023-12-12,2023-12-11,2024-02-16,2024-02-19,2023,15.0,20.0,True,50802709.0,762.0,69,66,USD,False,,6.85,10.51,1.1898,0.4272,0.5343,0.4491,1.66,114
idenix_pharmaceuticals_inc_IDIX.md,"Idenix Pharmaceuticals, Inc.",IDIX,1093649,completed,Imperial Blue Corporation,"Merck & Co., Inc.",ok,tender offer,cash,2014-06-09,2014-06-08,2014-08-04,2014-08-05,2014,24.5,24.5,False,151379334.0,3708.8,57,56,USD,False,,5.12,7.23,3.7852,2.3887,0.4121,0.1089,0.81,113
idm_pharma_inc_IDMI.md,"IDM PHARMA, INC.",IDMI,822206,completed,"Takeda America Holdings, Inc.",Takeda Pharmaceutical Company Limited,ok,tender offer,cash,2009-05-18,2009-05-17,2009-06-22,2009-06-24,2009,2.64,2.64,False,25278599.0,66.7,37,35,USD,False,,1.85,1.7,0.427,0.5529,-0.0811,-0.1899,0.66,110
igm_biosciences_inc_IGMS.md,"IGM Biosciences, Inc.",IGMS,1496323,completed,"Concentra Biosciences, LLC","Tang Capital Partners, LP",ok,tender offer,cash,2025-07-01,2025-07-01,2025-08-13,2025-08-14,2025,1.247,1.247,False,60189151.0,75.1,44,43,USD,False,,1.27,1.08,-0.0181,0.1546,-0.1496,8.2609,1.73,111
ignyta_inc_RXDX.md,"Ignyta, Inc.",RXDX,1557421,completed,Abingdon Acquisition Corp.,"Roche Holdings, Inc.",ok,tender offer,cash,2017-12-22,2017-12-21,2018-02-07,2018-02-08,2017,27.0,27.0,False,67656026.0,1826.7,48,47,USD,False,,16.68,15.25,0.6187,0.7705,-0.0857,-0.1386,0.53,112
imago_biosciences_inc_IMGO.md,"Imago BioSciences, Inc.",IMGO,1623715,completed,Merck Sharp & Dohme LLC,"Merck & Co., Inc.",ok,tender offer,cash,2022-11-21,2022-11-19,2023-01-10,2023-01-11,2022,36.0,36.0,False,33914435.0,1220.9,51,50,USD,False,,15.21,17.4,1.3669,1.069,0.144,0.1053,1.18,79
immune_design_corp_imdz.md,Immune Design Corp.,IMDZ,1437786,completed,Merck Sharp & Dohme Corp.,"Merck & Co., Inc.",ok,tender offer,cash,2019-02-21,2019-02-20,2019-04-01,2019-04-02,2019,5.85,5.85,False,48363046.0,282.9,40,39,USD,False,,1.42,1.44,3.1197,3.0625,0.0141,0.0045,0.3,111
immunomedics_inc_immu.md,IMMUNOMEDICS INC,IMMU,722830,completed,"Gilead Sciences, Inc.","Gilead Sciences, Inc.",ok,tender offer,cash,2020-09-13,2020-09-12,2020-10-22,2020-10-23,2020,88.0,88.0,False,231320559.0,20356.2,40,39,USD,False,,40.0,42.25,1.2,1.0828,0.0562,0.0469,0.49,111
inozyme_pharma_inc_INZY.md,"Inozyme Pharma, Inc.",INZY,1693011,completed,BioMarin Pharmaceutical Inc.,BioMarin Pharmaceutical Inc.,ok,tender offer,cash,2025-05-16,2025-05-15,2025-06-30,2025-07-01,2025,4.0,4.0,False,64915697.0,259.7,46,45,USD,False,,0.92,1.15,3.3478,2.4783,0.25,0.0747,2.09,112
insite_vision_inc_INSV.md,INSITE VISION INCORPORATED,INSV,802724,completed,Ranbaxy Inc.,Sun Pharmaceutical Industries Ltd.,ok,tender offer,cash,2015-09-15,2015-09-11,2015-10-27,2015-11-02,2015,0.35,0.35,False,131951033.0,46.2,48,42,USD,False,,0.22,0.34,0.5909,0.0294,0.5455,0.9231,2.98,112
inspire_pharmaceuticals_inc_ISPH.md,"Inspire Pharmaceuticals, Inc.",ISPH,1040416,completed,"Merck & Co., Inc.","Merck & Co., Inc.",ok,tender offer,cash,2011-04-05,2011-04-05,2011-05-12,2011-05-16,2011,5.0,5.0,False,83292192.0,416.5,41,37,USD,False,,4.0,3.94,0.25,0.269,-0.015,-0.06,0.57,111
intercept_pharmaceuticals_inc_ICPT.md,"INTERCEPT PHARMACEUTICALS, INC.",ICPT,1270073,completed,Alfasigma S.p.A.,Alfasigma S.p.A.,ok,tender offer,cash,2023-09-26,2023-09-26,2023-11-07,2023-11-08,2023,19.0,19.0,False,41814336.0,794.5,43,42,USD,False,,10.8,10.48,0.7593,0.813,-0.0296,-0.039,1.22,111
intermune_inc_ITMN.md,"INTERMUNE, INC.",ITMN,1087432,completed,"Roche Holdings, Inc.",Roche Holding Ltd,ok,tender offer,cash,2014-08-24,2014-08-22,2014-09-26,2014-09-29,2014,74.0,74.0,False,108385813.0,8020.6,36,33,USD,False,,45.5,53.8,0.6264,0.3755,0.1824,0.2912,1.45,110
iteos_therapeutics_inc_ITOS.md,"iTeos Therapeutics, Inc.",ITOS,1808865,completed,"Concentra Biosciences, LLC","Tang Capital Partners, LP",ok,tender offer,cash,2025-07-21,2025-07-18,2025-08-28,2025-08-29,2025,10.047,10.047,False,44171194.0,443.8,39,38,USD,False,,9.96,10.26,0.0087,-0.0208,0.0301,3.4483,0.43,110
jounce_therapeutics_inc_jnce.md,"Jounce Therapeutics, Inc.",JNCE,1640455,completed,"Concentra Biosciences, LLC","Concentra Biosciences, LLC",ok,tender offer,cash,2023-03-27,2023-03-27,2023-05-03,2023-05-03,2023,1.85,,False,52635468.0,97.4,37,37,USD,False,,1.36,1.52,0.3603,0.2171,0.1176,0.3265,1.9,11
juniper_pharmaceuticals_inc_JNP.md,JUNIPER PHARMACEUTICALS INC,JNP,821995,completed,"Catalent Pharma Solutions, Inc.","Catalent, Inc.",ok,tender offer,cash,2018-07-03,2018-07-02,2018-08-13,2018-08-14,2018,11.5,11.5,False,11104757.0,127.7,42,41,USD,False,,8.9,8.7,0.2921,0.3218,-0.0225,-0.0769,0.75,111
kalvista_pharmaceuticals_inc_KALV.md,"KalVista Pharmaceuticals, Inc.",KALV,1348911,completed,Chiesi Farmaceutici S.p.A.,Chiesi Farmaceutici S.p.A.,ok,tender offer,cash,2026-04-29,2026-04-28,2026-06-10,2026-06-11,2026,27.0,27.0,False,53240888.0,1437.5,43,42,USD,False,,19.33,19.63,0.3968,0.3754,0.0155,0.0391,1.23,111
kezar_life_sciences_inc_KZR.md,"Kezar Life Sciences, Inc.",KZR,1645666,completed,"Aurinia Pharma U.S., Inc.",Aurinia Pharmaceuticals Inc.,ok,tender offer,cash,2026-03-30,2026-03-29,2026-05-08,2026-05-11,2026,6.955,,False,7387701.0,51.4,42,39,USD,False,,6.7,6.2,0.0381,0.1218,-0.0746,-1.9608,0.69,111
king_pharmaceuticals_acquisition_report.md,"Pfizer Acquisition of King Pharmaceuticals, Inc.",,,,,,ok,,,,,,,,,,False,249958811.0,,,,USD,False,,,,,,,,,23
king_pharmaceuticals_inc_KG.md,KING PHARMACEUTICALS INC,KG,1047699,completed,Pfizer Inc.,Pfizer Inc.,ok,tender offer,cash,2010-10-11,2010-10-11,2011-01-28,2011-02-28,2010,14.25,14.25,False,249958811.0,3561.9,140,109,USD,False,,9.37,10.31,0.5208,0.3822,0.1003,0.1926,0.94,125
kinnate_biopharma_inc_KNTE.md,Kinnate Biopharma Inc.,KNTE,1797768,completed,XRA 1 Corp.,XOMA Corporation,ok,tender offer,cash,2024-02-16,2024-02-15,2024-04-02,2024-04-03,2024,2.5879,2.5879,False,47225312.0,122.2,47,46,USD,False,,2.39,2.29,0.0828,0.1301,-0.0418,-0.5053,0.36,112
kite_pharma_inc_KITE.md,"Kite Pharma, Inc.",KITE,1510580,completed,"Gilead Sciences, Inc.","Gilead Sciences, Inc.",ok,tender offer,cash,2017-08-28,2017-08-27,2017-10-02,2017-10-03,2017,180.0,180.0,False,57410242.0,10333.8,36,35,USD,False,,111.43,139.1,0.6154,0.294,0.2483,0.4035,0.84,110
kos_pharmaceuticals_inc_KOSP.md,KOS PHARMACEUTICALS INC,KOSP,1018952,completed,Parthenon Acquisition Corp.,Abbott Laboratories,ok,tender offer,cash,2006-11-06,2006-11-05,2006-12-12,2006-12-13,2006,78.0,78.0,False,47630852.0,3715.2,37,36,USD,False,,48.7,50.09,0.6016,0.5572,0.0285,0.0474,0.68,110
kronos_bio_inc_KRON.md,"Kronos Bio, Inc.",KRON,1741830,completed,"Concentra Biosciences, LLC","Concentra Biosciences, LLC",ok,tender offer,cash,2025-05-01,2025-04-30,2025-06-18,2025-06-20,2025,0.57,,False,60969214.0,34.8,50,48,USD,False,,0.82,0.85,-0.3049,-0.3294,0.0366,-0.12,0.57,112
la_jolla_pharmaceutical_co_LJPC.md,LA JOLLA PHARMACEUTICAL CO,LJPC,920465,completed,"Innoviva, Inc.","Innoviva, Inc.",ok,tender offer,cash,2022-07-11,2022-07-10,2022-08-19,2022-08-22,2022,6.23,6.23,False,24926469.0,155.3,42,39,USD,False,,3.46,3.39,0.8006,0.8378,-0.0202,-0.0253,0.92,111
lava_therapeutics_nv_LVTX.md,LAVA Therapeutics N.V.,LVTX,1840748,completed,XOMA Royalty Corporation,XOMA Royalty Corporation,ok,tender offer,mixed,2025-08-04,2025-08-03,2025-11-12,2025-11-13,2025,1.04,1.04,False,26305295.0,27.4,101,100,USD,False,,1.32,1.42,-0.2121,-0.2676,0.0758,-0.3571,2.07,119
lisata_therapeutics_inc_LSTA.md,"Lisata Therapeutics, Inc.",LSTA,320017,pending,Kuva Labs Inc.,Kuva Labs Inc.,ok,tender offer,cash,2026-03-06,2026-05-29,2026-07-10,,2026,4.0,7.0,True,9101943.0,36.4,,126,USD,False,,4.54,4.1,-0.1189,-0.0244,-0.0969,0.8148,0.39,118
logicbio_therapeutics_inc_LOGC.md,"LogicBio Therapeutics, Inc.",LOGC,1664106,completed,"Alexion Pharmaceuticals, Inc.",AstraZeneca PLC,ok,tender offer,cash,2022-10-03,2022-10-02,2022-11-15,2022-11-16,2022,2.07,2.07,False,32962733.0,68.2,44,43,USD,False,,1.21,0.73,0.7107,1.8356,-0.3967,-0.5581,1.96,101
longboard_pharmaceuticals_inc_LBPH.md,"Longboard Pharmaceuticals, Inc.",LBPH,1832168,completed,Lundbeck LLC,H. Lundbeck A/S,ok,tender offer,cash,2024-10-14,2024-10-13,2024-11-27,2024-12-02,2024,60.0,60.0,False,39045703.0,2342.7,49,44,USD,False,,34.32,38.9,0.7483,0.5424,0.1334,0.1783,1.67,112
loxo_oncology_inc_LOXO.md,"Loxo Oncology, Inc.",LOXO,1581720,completed,Eli Lilly and Company,Eli Lilly and Company,ok,tender offer,cash,2019-01-07,2019-01-05,2019-02-14,2019-02-15,2019,235.0,235.0,False,30787728.0,7235.1,39,38,USD,False,,135.0,139.87,0.7407,0.6801,0.0361,0.0487,0.91,110
lumos_pharma_inc_LUMO.md,"Lumos Pharma, Inc.",LUMO,1126234,completed,Double Point Ventures LLC,Double Point Ventures LLC,ok,tender offer,mixed,2024-10-23,2024-10-21,2024-12-11,2024-12-12,2024,4.25,8.75,True,8648618.0,36.8,50,49,USD,False,,3.93,4.02,0.0814,0.0572,0.0229,0.2812,0.25,112
map_pharmaceuticals_inc_MAPP.md,"MAP Pharmaceuticals, Inc.",MAPP,1401923,completed,"Allergan, Inc.","Allergan, Inc.",ok,tender offer,cash,2013-01-22,2013-01-22,2013-02-28,2013-03-01,2013,25.0,25.0,False,35569770.0,889.2,38,37,USD,False,,,,,,,,,0
marinus_pharmaceuticals_inc_MRNS.md,"MARINUS PHARMACEUTICALS, INC.",MRNS,1267813,completed,Immedica Pharma AB,Immedica Pharma AB,ok,tender offer,cash,2024-12-30,2024-12-29,2025-02-06,2025-02-11,2024,0.55,0.55,False,55218486.0,30.4,43,38,USD,False,,0.32,0.37,0.7188,0.4865,0.1562,0.2174,0.32,111
martek_biosciences_corp_MATK.md,MARTEK BIOSCIENCES CORPORATION,MATK,892025,completed,Greenback Acquisition Corporation,Koninklijke DSM N.V.,ok,tender offer,cash,2010-12-21,2010-12-20,2011-02-18,2011-02-25,2010,31.5,31.5,False,33532053.0,1056.3,66,59,USD,False,,22.08,23.02,0.4266,0.3684,0.0426,0.0998,1.48,114
matrixx_initiatives_inc_MTXX.md,"MATRIXX INITIATIVES, INC.",MTXX,1006195,completed,"H.I.G. Capital, LLC","H.I.G. Capital, LLC",ok,tender offer,cash,2010-12-14,2010-12-13,2011-02-14,2011-02-18,2010,8.75,8.75,False,9398587.0,82.2,66,62,USD,False,,5.31,5.14,0.6478,0.7023,-0.032,-0.0494,0.82,114
medicines_co_de_MDCO.md,The Medicines Company,MDCO,1113481,completed,Novartis AG,Novartis AG,ok,tender offer,cash,2019-11-24,2019-11-22,2020-01-03,2020-01-06,2019,85.0,85.0,False,80183716.0,6815.6,43,40,USD,False,,56.97,68.55,0.492,0.24,0.2033,0.4131,1.19,111
medimmune_inc_de_MEDI.md,"MedImmune, Inc.",MEDI,873591,completed,AstraZeneca Biopharmaceuticals Inc.,AstraZeneca PLC,ok,tender offer,cash,2007-04-23,2007-04-22,2007-05-31,2007-06-18,2007,58.0,58.0,False,238141500.0,13812.2,56,38,USD,False,,34.11,48.01,0.7004,0.2081,0.4075,0.5818,2.63,113
medivation_inc_MDVN.md,"MEDIVATION, INC.",MDVN,1011835,completed,"Montreal, Inc.",Pfizer Inc.,ok,tender offer,cash,2016-08-22,2016-08-20,2016-09-27,2016-09-28,2016,81.5,81.5,False,165980981.0,13527.4,37,36,USD,False,,62.63,67.16,0.3013,0.2135,0.0723,0.2401,0.86,110
memory_pharmaceuticals_corp_MEMY.md,MEMORY PHARMACEUTICALS CORP,MEMY,1062216,completed,Hoffmann-La Roche Inc.,Hoffmann-La Roche Inc.,ok,tender offer,cash,2008-11-25,2008-11-24,2008-12-31,2009-01-05,2008,0.61,0.61,False,82243050.0,50.2,41,36,USD,True,https://www.pharmaceuticalonline.com/doc/roche-signs-definitive-agreement-to-acquire-0001,0.146,0.146,3.19,3.19,,,3.05,111
mersana_therapeutics_inc_MRSN.md,"Mersana Therapeutics, Inc.",MRSN,1442836,completed,"Emerald Merger Sub, Inc.","Day One Biopharmaceuticals, Inc.",ok,tender offer,cash,2025-11-13,2025-11-12,2026-01-05,2026-01-06,2025,25.0,55.25,True,4999615.0,125.0,54,53,USD,False,,9.24,8.41,1.7056,1.9727,-0.0898,-0.0527,0.9,113
merus_n_v_MRUS.md,Merus N.V.,MRUS,1651311,completed,Genmab Holding II B.V.,Genmab A/S,ok,tender offer,cash,2025-09-29,2025-09-28,2025-12-11,2025-12-29,2025,97.0,97.0,False,75842847.0,7356.8,91,73,USD,False,,65.84,68.89,0.4733,0.408,0.0463,0.0979,0.92,118
mgi_pharma_inc_MOGN.md,MGI PHARMA INC,MOGN,702131,completed,Jaguar Acquisition Corp.,"Eisai Co., Ltd.",ok,tender offer,cash,2007-12-10,2007-12-09,2008-01-22,2008-01-28,2007,41.0,41.0,False,81268043.0,3332.0,49,43,USD,False,,29.92,33.45,0.3703,0.2257,0.118,0.3186,1.43,112
micromet_inc_MITI.md,"MICROMET, INC.",MITI,1131907,completed,Amgen Inc.,Amgen Inc.,ok,tender offer,cash,2012-01-26,2012-01-25,2012-03-01,2012-03-07,2012,11.0,11.0,False,92375454.0,1016.1,41,35,USD,False,,,,,,,,,0
millennium_pharmaceuticals_inc_MLNM.md,"Millennium Pharmaceuticals, Inc.",MLNM,1002637,completed,"Takeda America Holdings, Inc.",Takeda Pharmaceutical Company Limited,ok,tender offer,cash,2008-04-10,2008-04-09,2008-05-13,2008-05-14,2008,25.0,25.0,False,326704024.0,8167.6,34,33,USD,False,,13.08,16.16,0.9113,0.547,0.2355,0.2584,0.93,110
miromatrix_medical_inc_MIRO.md,Miromatrix Medical Inc.,MIRO,1527096,completed,Morpheus Subsidiary Inc.,United Therapeutics Corporation,ok,tender offer,cash,2023-10-30,2023-10-29,2023-12-11,2023-12-13,2023,3.25,5.0,True,27419228.0,89.1,44,42,USD,False,,1.31,1.04,1.4809,2.125,-0.2061,-0.1392,0.6,111
momenta_pharmaceuticals_inc_mnta.md,Momenta Pharmaceuticals,MNTA,1235010,completed,Johnson & Johnson,Johnson & Johnson,ok,cash tender offer + Section 251(h) merger,cash,2020-06-15,2020-08-19,2020-09-30,2020-10-01,2020,52.5,52.5,False,119029280.0,6249.0,108,107,USD,False,,27.08,31.05,0.9387,0.6908,0.1466,0.1562,0.91,26
monogram_biosciences_inc_MGRM.md,"Monogram Biosciences, Inc.",MGRM,1094961,completed,Mastiff Acquisition Corp.,Laboratory Corporation of America Holdings,ok,tender offer,cash,2009-06-23,2009-06-22,2009-08-03,2009-08-04,2009,4.55,4.55,False,23042427.0,104.8,42,41,USD,False,,2.5,1.81,0.82,1.5138,-0.276,-0.3366,1.46,111
morphic_holding_inc_MORF.md,"Morphic Holding, Inc.",MORF,1679363,completed,Eli Lilly and Company,Eli Lilly and Company,ok,tender offer,cash,2024-07-08,2024-07-07,2024-08-15,2024-08-16,2024,57.0,57.0,False,50221010.0,2862.6,39,38,USD,False,,30.77,31.84,0.8525,0.7902,0.0348,0.0408,1.39,110
morphosys_ag_MOR.md,MorphoSys AG,MOR,1340243,completed,Novartis BidCo AG,Novartis AG,ok,tender offer,cash,2024-02-05,2024-04-11,2024-05-13,2024-05-31,2024,68.0,68.0,False,37655137.0,2560.5,116,98,EUR,True,https://www.novartis.com/news/media-releases/novartis-strengthen-oncology-pipeline-agreement-acquire-morphosys-ag-eur-68-share-or-aggregate-eur-27bn-cash,35.98,35.98,0.89,0.89,,,1.04,121
myogen_inc_MYOG.md,"Myogen, Inc.",MYOG,1101052,completed,"Gilead Sciences, Inc.","Gilead Sciences, Inc.",ok,tender offer,cash,2006-10-02,2006-09-30,2006-11-13,2006-11-17,2006,52.5,52.5,False,43440061.0,2280.6,46,42,USD,False,,35.0,35.08,0.5,0.4966,0.0023,0.0046,0.72,111
myokardia_inc_MYOK.md,"MyoKardia, Inc.",MYOK,1552451,completed,Bristol-Myers Squibb Company,Bristol-Myers Squibb Company,ok,tender offer,cash,2020-10-05,2020-10-03,2020-11-16,2020-11-17,2020,225.0,225.0,False,53308689.0,11994.5,43,42,USD,False,,113.31,139.6,0.9857,0.6117,0.232,0.2354,1.17,111
nabriva_therapeutics_plc_NBRV.md,Nabriva Therapeutics AG,NBRV,1641640,completed,Nabriva Therapeutics plc,Nabriva Therapeutics plc,suspect_feed,tender offer,stock,2017-04-18,2017-04-11,2017-06-23,2017-06-23,2017,1.0,10.15,True,2271709.0,2.3,66,66,USD,False,,,,,,,,,93
natrol_inc_NTOL.md,"NATROL, INC.",NTOL,1025573,completed,Nutra Acquisition Company Inc.,Plethico Pharmaceuticals Limited,ok,tender offer,cash,2007-11-18,2007-11-18,2007-12-27,2007-12-28,2007,4.4,4.4,False,14261944.0,62.8,40,39,USD,False,,3.15,2.27,0.3968,0.9383,-0.2794,-0.704,1.27,111
new_river_pharmaceuticals_inc_NRPH.md,NEW RIVER PHARMACEUTICALS INC,NRPH,1288379,completed,Shuttle Corporation,Shire plc,ok,tender offer,cash,2007-02-20,2007-02-19,2007-04-17,2007-04-19,2007,64.0,64.0,False,37051564.0,2371.3,58,56,USD,False,,55.65,58.35,0.15,0.0968,0.0485,0.3234,0.62,113
ngm_biopharmaceuticals_inc_ngm.md,"NGM Biopharmaceuticals, Inc.",NGM,1426332,completed,"Atlas Neon Parent, Inc.","The Column Group, LP (TCG) and affiliates",ok,tender offer,cash,2024-02-26,2024-02-25,2024-04-04,2024-04-05,2024,1.55,1.55,False,83462408.0,129.4,39,38,USD,False,,1.49,1.91,0.0403,-0.1885,0.2819,7.0,0.39,110
noven_pharmaceuticals_inc_NOVN.md,NOVEN PHARMACEUTICALS INC,NOVN,815838,completed,"Hisamitsu U.S., Inc.","Hisamitsu Pharmaceutical Co., Inc.",ok,tender offer,cash,2009-07-14,2009-07-13,2009-08-19,2009-08-20,2009,16.5,16.5,False,25061791.0,413.5,37,36,USD,False,,11.94,13.27,0.3819,0.2434,0.1114,0.2917,1.35,110
nps_pharmaceuticals_inc_npsp.md,"NPS Pharmaceuticals, Inc.",NPSP,890465,completed,Shire plc,Shire plc,ok,tender offer,cash,2015-01-11,2015-01-11,,2015-02-21,2015,46.0,46.0,False,108581155.0,4994.7,41,,USD,False,,31.28,41.91,0.4706,0.0976,0.3398,0.7221,1.03,109
obagi_medical_products_inc_OMPI.md,"Obagi Medical Products, Inc.",OMPI,1375247,completed,Valeant Pharmaceuticals International,"Valeant Pharmaceuticals International, Inc.",ok,tender offer,cash,2013-03-20,2013-03-19,2013-04-25,2013-04-25,2013,24.0,24.0,False,17434138.0,418.4,36,36,USD,False,,14.29,14.91,0.6795,0.6097,0.0434,0.0639,1.18,110
ocata_therapeutics_inc_OCAT.md,"Ocata Therapeutics, Inc.",OCAT,1140098,completed,Astellas Pharma Inc.,Astellas Pharma Inc.,ok,tender offer,cash,2015-11-10,2015-11-09,2016-02-09,2016-02-10,2015,8.5,8.5,False,42300462.0,359.6,92,91,USD,False,,4.7,4.75,0.8085,0.7895,0.0106,0.0132,0.49,118
ocera_therapeutics_inc_OCRX.md,"Ocera Therapeutics, Inc.",OCRX,1274644,completed,MAK LLC,Mallinckrodt plc,ok,tender offer,cash,2017-11-02,2017-11-01,2017-12-08,2017-12-11,2017,1.52,4.1,True,26514134.0,40.3,39,36,USD,False,,1.14,1.03,0.3333,0.4757,-0.0965,-0.2895,1.32,110
omrix_biopharmaceuticals_inc_OMRI.md,"Omrix Biopharmaceuticals, Inc.",OMRI,1349426,pending,"Binder Merger Sub, Inc.",Johnson & Johnson,ok,tender offer,cash,2008-11-24,2008-11-23,,,2008,25.0,25.0,False,17130332.0,428.3,,,USD,False,,14.75,21.16,0.6949,0.1815,0.4346,0.6254,0.9,110
onyx_pharmaceuticals_inc_ONXX.md,"Onyx Pharmaceuticals, Inc.",ONXX,1012140,completed,Arena Acquisition Company,Amgen Inc.,ok,tender offer,cash,2013-08-25,2013-08-24,2013-10-01,2013-10-01,2013,125.0,125.0,False,73430031.0,9178.8,37,37,USD,False,,131.71,116.96,-0.0509,0.0687,-0.112,2.1982,1.36,111
osi_pharmaceuticals_inc_OSIP.md,OSI PHARMACEUTICALS INC,OSIP,729922,completed,Astellas Pharma Inc.,"Astellas US Holding, Inc.",ok,tender offer,cash,2010-03-01,2010-05-16,2010-06-07,2010-06-08,2010,57.5,57.5,False,59584137.0,3426.1,99,98,USD,False,,34.22,37.01,0.6803,0.5536,0.0815,0.1198,0.82,119
osiris_therapeutics_inc_osir.md,"Osiris Therapeutics, Inc.",OSIR,1360886,completed,"Smith & Nephew Consolidated, Inc. (Parent)",Smith & Nephew plc (English public limited company),ok,tender offer,cash,2019-03-12,2019-03-11,2019-04-17,2019-04-17,2019,19.0,19.0,False,34528289.0,656.0,36,36,USD,False,,15.3,18.71,0.2418,0.0155,0.2229,0.9216,0.87,43
oyster_point_pharma_inc_OYST.md,"Oyster Point Pharma, Inc.",OYST,1720725,completed,Viatris Inc.,Viatris Inc.,ok,tender offer,cash,2022-11-07,2022-11-04,2022-12-31,2023-01-03,2022,11.0,13.0,True,27144768.0,298.6,57,54,USD,False,,7.08,8.35,0.5537,0.3174,0.1794,0.324,0.84,113
pandion_therapeutics_inc_PAND.md,"Pandion Therapeutics, Inc.",PAND,1807901,completed,Merck Sharp & Dohme Corp.,"Merck & Co., Inc.",ok,tender offer,cash,2021-02-25,2021-02-24,2021-03-31,2021-04-01,2021,60.0,60.0,False,29515583.0,1770.9,35,34,USD,False,,18.12,23.4,2.3113,1.5641,0.2914,0.1261,1.06,38
pardes_biosciences_inc_PRDS.md,"PARDES BIOSCIENCES, INC.",PRDS,1822711,completed,"MediPacific, Inc.","MediPacific, Inc.",ok,tender offer,cash,2023-07-17,2023-07-16,2023-08-30,2023-08-31,2023,2.13,2.13,False,62008506.0,132.1,45,44,USD,False,,1.89,1.85,0.127,0.1514,-0.0212,-0.1667,2.4,111
patheon_n_v_PTHN.md,Patheon N.V.,PTHN,1643848,completed,Thermo Fisher Scientific Inc.,Thermo Fisher Scientific Inc.,ok,tender offer,cash,2017-05-15,2017-05-14,2017-08-28,2017-08-29,2017,35.0,35.0,False,145136214.0,5079.8,106,105,USD,False,,25.78,26.0,0.3576,0.3462,0.0085,0.0239,0.61,59
penwest_pharmaceuticals_co_PPCO.md,PENWEST PHARMACEUTICALS CO,PPCO,1047188,completed,West Acquisition Corp.,Endo Pharmaceuticals Holdings Inc.,ok,tender offer,cash,2010-08-09,2010-08-09,2010-09-17,2010-11-04,2010,5.0,5.0,False,31946576.0,159.7,87,39,USD,False,,3.27,4.21,0.5291,0.1876,0.2875,0.5434,0.7,117
perrigo_co_plc_PRGO.md,Perrigo Company plc,PRGO,1585364,terminated,Mylan N.V.,Mylan N.V.,ok,tender offer,mixed,2015-04-08,2015-09-16,2015-11-13,,2015,75.0,232.2,True,146379803.0,10978.5,,219,USD,False,,156.83,163.73,-0.5218,-0.5419,0.044,-0.0843,1.03,118
pfenex_inc_pfnx.md,Pfenex Inc.,PFNX,1478121,completed,Ligand Pharmaceuticals Incorporated,Ligand Pharmaceuticals Incorporated,ok,tender offer,cash,2020-08-10,2020-08-10,2020-09-29,2020-10-01,2020,12.0,14.0,True,34315550.0,411.8,52,50,USD,False,,8.2,8.31,0.4634,0.444,0.0134,0.0289,0.6,114
pharmasset_inc_VRUS.md,Pharmasset Inc,VRUS,1301081,completed,"Gilead Sciences, Inc.","Gilead Sciences, Inc.",ok,tender offer,cash,2011-11-21,2011-11-20,2012-01-12,2012-01-17,2011,137.0,137.0,False,75737695.0,10376.1,57,52,USD,False,,,,,,,,,0
point_biopharma_global_inc_PNT.md,POINT Biopharma Global Inc.,PNT,1811764,completed,Eli Lilly and Company,Eli Lilly and Company,ok,tender offer,cash,2023-10-03,2023-10-02,2023-12-22,2023-12-27,2023,12.5,12.5,False,105831891.0,1322.9,85,80,USD,False,,8.16,6.67,0.5319,0.8741,-0.1826,-0.3433,1.08,117
portola_pharmaceuticals_inc_PTLA.md,"Portola Pharmaceuticals, Inc.",PTLA,1269021,completed,"Alexion Pharmaceuticals, Inc.","Alexion Pharmaceuticals, Inc.",ok,tender offer,cash,2020-05-05,2020-05-04,2020-07-01,2020-07-02,2020,18.0,18.0,False,78517282.0,1413.3,58,57,USD,False,,6.45,7.04,1.7907,1.5568,0.0915,0.0511,0.97,113
poseida_therapeutics_inc_PSTV.md,"Poseida Therapeutics, Inc.",PSTV,1661460,completed,"Roche Holdings, Inc.",F. Hoffmann-La Roche Ltd,ok,tender offer,cash,2024-11-26,2024-11-25,2025-01-07,2025-01-08,2024,9.0,13.0,True,97774206.0,880.0,43,42,USD,True,https://www.sec.gov/Archives/edgar/data/0001661460/000119312524265591/d881793dex991.htm,2.857,2.857,2.15,2.15,,,2.23,111
praecis_pharmaceuticals_inc_PRCS.md,PRAECIS PHARMACEUTICALS INCORPORATED,PRCS,1033025,completed,SmithKline Beecham Corporation,GlaxoSmithKline plc,ok,tender offer,cash,2006-12-21,2006-12-20,2007-02-06,2007-02-16,2006,5.0,5.0,False,10744643.0,53.7,57,47,USD,False,,2.08,1.97,1.4038,1.5381,-0.0529,-0.0377,1.14,113
prevail_therapeutics_inc_PRVL.md,Prevail Therapeutics Inc.,PRVL,1714798,completed,Tyto Acquisition Corporation,Eli Lilly and Company,ok,tender offer,cash,2020-12-15,2020-12-14,2021-01-21,2021-01-22,2020,22.5,26.5,True,34248033.0,770.6,38,37,USD,False,,9.76,11.69,1.3053,0.9247,0.1977,0.1515,0.74,84
principia_biopharma_inc_prnb.md,Principia Biopharma Inc.,PRNB,1510487,completed,Sanofi (French société anonyme),Sanofi,ok,tender offer + merger,cash,2020-08-16,2020-08-28,2020-09-25,2020-09-28,2020,100.0,100.0,False,33259922.0,3326.0,43,40,USD,False,,79.29,96.92,0.2612,0.0318,0.2223,0.8513,1.03,33
provention_bio_inc_PRVB.md,"Provention Bio, Inc.",PRVB,1695357,completed,"Zest Acquisition Sub, Inc.",Sanofi S.A.,ok,tender offer,cash,2023-03-13,2023-03-12,2023-04-26,2023-04-27,2023,25.0,25.0,False,94705874.0,2367.6,45,44,USD,False,,10.4,6.7,1.4038,2.7313,-0.3558,-0.2534,1.01,111
qiagen_n_v_QGEN.md,QIAGEN N.V.,QGEN,1015820,pending,Thermo Fisher Scientific Inc.,Thermo Fisher Scientific Inc.,ok,tender offer,cash,2020-03-03,2020-05-18,,,2020,39.0,39.0,False,,,,,USD,False,,31.23,33.19,0.2488,0.1751,0.0628,0.2523,0.82,118
radius_health_inc_RDUS.md,"Radius Health, Inc.",RDUS,1428522,completed,"Gurnet Point Capital, LLC and Patient Square Capital",Ginger Acquisition Inc.,ok,tender offer,cash,2022-06-23,2022-06-22,2022-08-10,2022-08-15,2022,10.0,11.0,True,47607604.0,476.1,53,48,USD,False,,6.25,8.43,0.6,0.1862,0.3488,0.5813,1.47,113
rapt_therapeutics_inc_RAPT.md,"RAPT Therapeutics, Inc.",RAPT,1673772,completed,GlaxoSmithKline LLC,GSK plc,ok,tender offer,cash,2026-01-20,2026-01-19,2026-03-02,2026-03-03,2026,58.0,58.0,False,30922702.0,1793.5,42,41,USD,False,,33.81,35.1,0.7155,0.6524,0.0382,0.0533,0.6,111
raptor_pharmaceutical_rptp.md,Raptor Pharmaceutical Corp,RPTP,1070698,completed,Horizon Pharma plc,Horizon Pharma plc,ok,cash tender offer followed by section 251(h) merger,cash with contingent value rights (CVR),2016-09-12,2016-09-12,2016-10-24,2016-10-25,2016,9.0,9.5,True,85734327.0,771.6,43,42,USD,False,,6.78,7.45,0.3274,0.2081,0.0988,0.3018,2.42,112
rayzebio_inc_RYZB.md,"RayzeBio, Inc.",RYZB,1825367,completed,Bristol-Myers Squibb Company,Bristol-Myers Squibb Company,ok,tender offer,cash,2023-12-26,2023-12-25,2024-02-22,2024-02-26,2023,62.5,62.5,False,61034144.0,3814.6,62,58,USD,False,,22.91,30.57,1.7281,1.0445,0.3344,0.1935,2.75,25
receptos_inc_rcpt.md,"Receptos, Inc.",RCPT (NASDAQ Global Market),1463729,completed,Celgene Corporation,Celgene Corporation,ok,tender offer,cash,2015-07-14,2015-07-14,2015-08-24,2015-08-27,2015,232.0,232.0,False,31606369.0,7332.7,44,41,USD,False,,178.31,193.98,0.3011,0.196,0.0879,0.2919,1.27,112
regulus_therapeutics_inc_RGLS.md,Regulus Therapeutics Inc.,RGLS,1505512,completed,Redwood Merger Sub Inc.,Novartis AG,ok,tender offer,cash,2025-04-30,2025-04-29,2025-06-24,2025-06-25,2025,7.0,14.0,True,75611212.0,529.3,56,55,USD,False,,1.73,2.76,3.0462,1.5362,0.5954,0.1954,0.78,113
relypsa_inc_RLYP.md,"Relypsa, Inc.",RLYP,1416792,completed,Vifor Pharma USA Inc.,Galenica AG,ok,tender offer,cash,2016-07-21,2016-07-20,2016-08-31,2016-09-01,2016,32.0,32.0,False,44882597.0,1436.2,42,41,USD,False,,17.9,20.67,0.7877,0.5481,0.1547,0.1965,0.87,111
repros_therapeutics_inc_rprx.md,REPROS THERAPEUTICS INC.,RPRX,897075,completed,"Allergan Sales, LLC",Allergan plc,ok,tender offer,cash,2017-12-12,2017-12-11,2018-01-29,2018-01-31,2017,0.67,0.67,False,39555133.0,26.5,50,48,USD,False,,0.41,0.49,0.6341,0.3673,0.1951,0.3077,0.31,112
revance_therapeutics_inc_rvnc.md,"Revance Therapeutics, Inc.",RVNC,1479290,completed,"Crown Laboratories, Inc.","Crown Holdings Interco LLC (sole stockholder of Crown); Crown Laboratories Holdings, Inc. (sole member of Crown Interco); Hildred Capital Management, LLC (majority shareholder of Crown)",ok,tender offer,cash,2024-08-12,2024-08-11,2025-02-04,2025-02-06,2024,3.65,3.65,False,104902388.0,382.9,178,176,USD,False,,3.58,3.53,0.0196,0.034,-0.014,-0.7143,1.29,132
sagent_pharmaceuticals_inc_sgnt.md,"Sagent Pharmaceuticals, Inc.",SGNT,1369786,completed,"Nichi-Iko Pharmaceutical Co., Ltd.","Nichi-Iko Pharmaceutical Co., Ltd. (Japanese corporation)",ok,tender offer,cash,2016-07-11,2016-07-10,2016-08-26,2016-08-29,2016,21.75,21.75,False,32910475.0,715.8,49,46,USD,False,,14.05,15.5,0.548,0.4032,0.1032,0.1883,0.91,114
salix_pharmaceuticals_ltd_SLXP.md,SALIX PHARMACEUTICALS LTD,SLXP,1009356,completed,Valeant Pharmaceuticals International,"Valeant Pharmaceuticals International, Inc.",ok,tender offer,cash,2015-02-22,2015-02-20,2015-04-01,2015-04-01,2015,173.0,173.0,False,64248604.0,11115.0,38,38,USD,False,,125.92,157.85,0.3739,0.096,0.2536,0.6782,1.37,111
santarus_inc_SNTS.md,SANTARUS INC,SNTS,1172480,completed,Willow Acquisition Sub Corporation,"Salix Pharmaceuticals, Ltd.",ok,tender offer,cash,2013-11-07,2013-11-06,2013-12-31,2014-01-02,2013,32.0,32.0,False,67326021.0,2154.4,56,54,USD,False,,22.39,23.58,0.4292,0.3571,0.0531,0.1238,0.75,113
satsuma_pharmaceuticals_inc_STSA.md,"Satsuma Pharmaceuticals, Inc.",STSA,1692830,completed,"Shin Nippon Biomedical Laboratories, Ltd.","Shin Nippon Biomedical Laboratories, Ltd.",ok,tender offer,cash,2023-04-16,2023-04-16,2023-06-05,2023-06-08,2023,0.91,6.68,True,33152498.0,30.2,53,50,USD,False,,0.81,0.66,0.1235,0.3788,-0.1852,-1.5,1.1,113
sciele_pharma_inc_SCRX.md,"SCIELE PHARMA, INC.",SCRX,1106773,completed,"Shionogi & Co., Ltd.","Shionogi & Co., Ltd.",ok,tender offer,cash,2008-09-01,2008-08-29,2008-10-08,2008-10-09,2008,31.0,31.0,False,32356389.0,1003.0,38,37,USD,False,,18.98,19.27,0.6333,0.6087,0.0153,0.0241,1.03,110
scpharmaceuticals_inc_SCPH.md,scPharmaceuticals Inc.,SCPH,1604950,completed,"Seacoast Merger Sub, Inc.",MannKind Corporation,ok,tender offer,cash,2025-08-25,2025-08-24,2025-10-06,2025-10-07,2025,5.35,6.35,True,53761939.0,287.6,43,42,USD,False,,5.6,4.85,-0.0446,0.1031,-0.1339,3.0,1.06,111
sigilon_therapeutics_inc_SGTX.md,"Sigilon Therapeutics, Inc.",SGTX,1821323,completed,Eli Lilly and Company,Eli Lilly and Company,ok,tender offer,cash,2023-06-29,2023-06-28,2023-08-09,2023-08-11,2023,14.92,126.56,True,2502084.0,37.3,43,41,USD,False,,4.9,3.91,2.0449,2.8159,-0.202,-0.0988,0.17,111
sirtris_pharmaceuticals_inc_SIRT.md,"Sirtris Pharmaceuticals, Inc.",SIRT,1388775,completed,SmithKline Beecham Corporation,GlaxoSmithKline plc,ok,tender offer,cash,2008-04-22,2008-04-21,2008-05-30,2008-06-05,2008,22.5,22.5,False,29266469.0,658.5,44,38,USD,False,,10.78,12.68,1.0872,0.7744,0.1763,0.1621,1.43,55
societal_cdmo_inc_SCTL.md,"Societal CDMO, Inc.",SCTL,1588972,completed,"Cane Merger Sub, Inc.","CoreRx, Inc.",ok,tender offer,cash,2024-02-28,2024-02-25,2024-04-05,2024-04-08,2024,1.1,1.1,False,105690922.0,116.3,40,37,USD,False,,0.35,0.51,2.1429,1.1569,0.4571,0.2133,2.02,111
soleno_therapeutics_inc_slno.md,"Soleno Therapeutics, Inc.",SLNO,1484565,completed,"Neurocrine Biosciences, Inc.","Neurocrine Biosciences, Inc.",ok,tender offer,cash,2026-04-06,2026-04-04,2026-05-15,2026-05-18,2026,53.0,53.0,False,51718149.0,2741.1,42,39,USD,False,,39.68,39.49,0.3357,0.3421,-0.0048,-0.0143,1.18,109
spark_therapeutics_inc_ONCE.md,"Spark Therapeutics, Inc.",ONCE,1609351,completed,"Roche Holdings, Inc.",Roche Holding Ltd,ok,tender offer,cash,2019-02-25,2019-02-22,2019-12-16,2019-12-17,2019,114.5,114.5,False,38053350.0,4357.1,295,294,USD,False,,43.44,51.56,1.6358,1.2207,0.1869,0.1143,0.88,147
stemline_therapeutics_inc_STML.md,STEMLINE THERAPEUTICS INC,STML,1264587,completed,Berlin-Chemie AG,A. Menarini - Industrie Farmaceutiche Riunite - S.r.l.,ok,tender offer,cash,2020-05-04,2020-05-03,2020-06-09,2020-06-10,2020,11.5,12.5,True,52510785.0,603.9,37,36,USD,False,,4.46,4.75,1.5785,1.4211,0.065,0.0412,0.95,110
sucampo_pharmaceuticals_inc_scmp.md,"Sucampo Pharmaceuticals, Inc.",SCMP,1365216,completed,Mallinckrodt plc,Mallinckrodt plc (Irish public limited company),ok,tender offer,cash,2017-12-26,2017-12-22,2018-02-13,2018-02-13,2017,18.0,18.0,False,47294047.0,851.3,49,49,USD,False,,10.55,17.0,0.7062,0.0588,0.6114,0.8658,5.56,113
sunovion_pharmaceuticals_inc_SEPR.md,Sepracor Inc.,SEPR,877357,completed,"Aptiom, Inc.","Dainippon Sumitomo Pharma Co., Ltd.",ok,tender offer,cash,2009-09-03,2009-09-02,2009-10-13,2009-10-20,2009,23.0,23.0,False,110992118.0,2552.8,47,40,USD,False,,17.5,18.59,0.3143,0.2372,0.0623,0.1982,0.89,112
synthorx_inc_THOR.md,"Synthorx, Inc.",THOR,1609727,completed,Sanofi,Sanofi,ok,tender offer,cash,2019-12-08,2019-12-06,2020-01-22,2020-01-23,2019,68.0,68.0,False,32442647.0,2206.1,46,45,USD,False,,16.03,25.03,3.242,1.7167,0.5614,0.1732,1.55,60
targanta_therapeutics_corp_TARG.md,Targanta Therapeutics Corporation,TARG,1398161,completed,The Medicines Company,The Medicines Company,ok,tender offer,mixed,2009-01-12,2009-01-11,2009-02-24,2009-02-25,2009,2.0,6.55,True,20991316.0,42.0,44,43,USD,False,,1.04,1.02,0.9231,0.9608,-0.0192,-0.0208,0.23,73
taro_pharmaceutical_industries_ltd_TARO.md,TARO PHARMACEUTICAL INDUSTRIES LTD.,TARO,906338,terminated,Sun Pharmaceutical Industries Ltd.,Sun Pharmaceutical Industries Ltd.,ok,tender offer,cash,2008-06-25,2008-07-08,2008-07-28,,2008,7.75,7.75,False,39460257.0,305.8,,33,USD,False,,8.3,9.1,-0.0663,-0.1484,0.0964,-1.4545,0.61,118
terns_pharmaceuticals_inc_TERN.md,"Terns Pharmaceuticals, Inc.",TERN,1831363,completed,Merck Sharp & Dohme LLC,"Merck & Co., Inc.",ok,tender offer,cash,2026-03-25,2026-03-24,2026-05-04,2026-05-05,2026,53.0,53.0,False,115458298.0,6119.3,41,40,USD,False,,39.23,48.44,0.351,0.0941,0.2348,0.6688,1.28,110
tesaro_inc_TSRO.md,"TESARO, Inc.",TSRO,1491576,completed,GlaxoSmithKline LLC,GlaxoSmithKline plc,ok,tender offer,cash,2018-12-03,2018-12-02,2019-01-18,2019-01-22,2018,75.0,75.0,False,55231566.0,4142.4,50,46,USD,False,,30.3,46.38,1.4752,0.6171,0.5307,0.3597,2.0,111
tetraphase_pharmaceuticals_inc_ttph.md,"Tetraphase Pharmaceuticals, Inc.",TTPH,1373707,completed,La Jolla Pharmaceutical Company,La Jolla Pharmaceutical Company (California corporation),ok,tender offer,cash,2020-06-24,2020-06-23,2020-07-28,2020-07-28,2020,2.0,3.48,True,7263236.0,14.5,34,34,USD,False,,2.64,2.63,-0.2424,-0.2395,-0.0038,0.0156,0.38,135
therapeuticsmd_inc_TXMD.md,"TherapeuticsMD, Inc.",TXMD,25743,terminated,EW Healthcare Partners,EW Healthcare Partners,ok,tender offer,cash,2022-05-31,2022-05-27,2022-07-12,,2022,10.0,10.0,False,8846756.0,88.5,,42,USD,True,https://www.prnewswire.com/news-releases/ew-healthcare-partners-announces-commencement-of-the-tender-offer-for-all-outstanding-shares-of-therapeuticsmd-301562062.html,2.14,2.14,3.673,3.673,,,11.55,118
theseus_pharmaceuticals_inc_THRX.md,"Theseus Pharmaceuticals, Inc.",THRX,1745020,completed,"Concentra Biosciences, LLC","Concentra Biosciences, LLC",ok,tender offer,cash,2023-12-22,2023-12-21,2024-02-13,2024-02-14,2023,4.05,4.05,False,44649172.0,180.8,54,53,USD,False,,3.62,3.75,0.1188,0.08,0.0359,0.3023,0.43,113
third_wave_technologies_inc_wi_TWTI.md,"Third Wave Technologies, Inc.",TWTI,1120438,completed,"Hologic, Inc.","Hologic, Inc.",ok,tender offer,cash,2008-06-09,2008-06-08,2008-07-16,2008-07-17,2008,11.25,11.25,False,45328279.0,509.9,38,37,USD,False,,8.48,10.5,0.3267,0.0714,0.2382,0.7292,1.69,110
thorne_healthtech_inc_THRN.md,"Thorne HealthTech, Inc.",THRN,1844280,completed,L Catterton,"Healthspan Buyer, LLC",ok,tender offer,cash,2023-08-28,2023-08-27,2023-10-12,2023-10-16,2023,10.2,10.2,False,54036771.0,551.2,49,45,USD,False,,5.93,7.81,0.7201,0.306,0.317,0.4403,2.11,109
tigenix_nv_TIG.md,TiGenix NV,TIG,1581987,pending,Takeda Pharmaceutical Company Limited,Takeda Pharmaceutical Company Limited,ok,tender offer,cash,2018-01-05,2018-01-04,2018-05-31,,2018,1.78,1.78,False,296067856.0,527.0,,146,EUR,True,https://www.fiercebiotech.com/biotech/takeda-strikes-eu520m-deal-to-buy-cell-therapy-firm-tigenix,0.98,0.98,0.82,0.82,,,1.89,69
tobira_therapeutics_inc_TBRA.md,"Tobira Therapeutics, Inc.",TBRA,1311596,completed,"Allergan Holdco US, Inc.",Allergan plc,ok,tender offer,cash,2016-09-20,2016-09-19,2016-10-31,2016-11-01,2016,28.35,78.19,True,18833219.0,533.9,42,41,USD,False,,4.87,4.59,4.8214,5.1765,-0.0575,-0.0119,0.36,111
tourmaline_bio_inc_TRML.md,"Tourmaline Bio, Inc.",TRML,1827506,completed,Novartis AG,Novartis AG,ok,tender offer,cash,2025-09-09,2025-09-08,2025-10-27,2025-10-28,2025,48.0,48.0,False,25799160.0,1238.4,49,48,USD,False,,20.72,26.74,1.3166,0.7951,0.2905,0.2207,0.85,112
translate_bio_inc_TBIO.md,"Translate Bio, Inc.",TBIO,1693415,completed,"Vector Merger Sub, Inc.",Sanofi,ok,tender offer,cash,2021-08-03,2021-08-02,2021-09-13,2021-09-14,2021,38.0,38.0,False,75590892.0,2872.5,42,41,USD,False,,29.18,27.64,0.3023,0.3748,-0.0528,-0.1746,0.73,14
trius_therapeutics_inc_TSRX.md,Trius Therapeutics Inc,TSRX,1356857,completed,"Cubist Pharmaceuticals, Inc.","Cubist Pharmaceuticals, Inc.",ok,tender offer,cash,2013-07-30,2013-07-30,2013-09-11,2013-09-11,2013,13.5,15.5,True,48268557.0,651.6,43,43,USD,False,,8.1,11.75,0.6667,0.1489,0.4506,0.6759,1.49,111
turning_point_therapeutics_inc_TPTX.md,"Turning Point Therapeutics, Inc.",TPTX,1595893,completed,Bristol-Myers Squibb Company,Bristol-Myers Squibb Company,ok,tender offer,cash,2022-06-03,2022-06-02,2022-08-15,2022-08-17,2022,76.0,76.0,False,49796897.0,3784.6,75,73,USD,False,,26.8,36.16,1.8358,1.1018,0.3493,0.1902,1.03,116
turnstone_biologics_corp_TSBX.md,Turnstone Biologics Corp.,TSBX,1764974,completed,XOMA Royalty Corporation,XOMA Royalty Corporation,ok,tender offer,cash,2025-06-27,2025-06-26,2025-08-07,2025-08-11,2025,0.34,0.39,True,23140691.0,7.9,45,41,USD,False,,0.33,0.37,0.0303,-0.0811,0.1212,4.0,6.58,109
usana_health_sciences_inc_USNA.md,"USANA HEALTH SCIENCES, INC.",USNA,896264,pending,"Gull Holdings, Ltd.",Gull-Unity Holding Corp.,ok,tender offer,cash,2008-05-13,,2008-06-27,,2008,26.0,26.0,False,16392384.0,426.2,,45,USD,False,,21.08,21.45,0.2334,0.2121,0.0176,0.0752,1.13,118
vectivbio_holding_ag_VECT.md,VectivBio Holding AG,VECT,1836379,pending,"Ironwood Pharmaceuticals, Inc.","Ironwood Pharmaceuticals, Inc.",ok,tender offer,cash,2023-05-22,2023-05-21,2023-06-28,,2023,17.0,17.0,False,62806038.0,1067.7,,37,USD,False,,10.88,11.9,0.5625,0.4286,0.0938,0.1667,1.3,111
verve_therapeutics_inc_VERV.md,"Verve Therapeutics, Inc.",VERV,1840574,completed,Ridgeway Acquisition Corporation,Eli Lilly and Company,ok,tender offer,cash,2025-06-17,2025-06-16,2025-07-23,2025-07-25,2025,10.5,13.5,True,89320995.0,937.9,38,36,USD,False,,4.63,6.16,1.2678,0.7045,0.3305,0.2606,0.72,110
viela_bio_inc_VIE.md,"Viela Bio, Inc.",VIE,1734517,completed,"Horizon Therapeutics USA, Inc.",Horizon Therapeutics plc,ok,tender offer,cash,2021-02-01,2021-01-31,2021-03-12,2021-03-15,2021,53.0,53.0,False,54904033.0,2909.9,42,39,USD,False,,35.97,34.68,0.4735,0.5283,-0.0359,-0.0757,0.58,77
virbac_corp_VBAC.md,VIRBAC CORPORATION,VBAC,922814,completed,"Labogroup Holding, Inc.",Virbac S.A.,ok,tender offer,cash,2006-08-08,2006-08-10,2006-10-31,2006-11-01,2006,5.75,5.75,False,22644240.0,130.2,85,84,USD,False,,4.19,4.85,0.3723,0.1856,0.1575,0.4231,1.16,117
vitae_pharmaceuticals_inc_VTAE.md,"Vitae Pharmaceuticals, Inc.",VTAE,1157602,completed,"Augusta Merger Sub, Inc.",Allergan plc,ok,tender offer,cash,2016-09-14,2016-09-13,2016-10-24,2016-10-25,2016,21.0,21.0,False,28844410.0,605.7,41,40,USD,False,,8.63,8.05,1.4334,1.6087,-0.0672,-0.0469,0.67,110
xenoport_inc_XNPT.md,"XENOPORT, INC.",XNPT,1130591,completed,"Arbor Pharmaceuticals, LLC","Arbor Pharmaceuticals, Inc.",ok,tender offer,cash,2016-05-23,2016-05-21,2016-07-01,2016-07-05,2016,7.03,7.03,False,63859099.0,448.9,43,39,USD,False,,4.92,4.4,0.4289,0.5977,-0.1057,-0.2464,0.52,111
y_mabs_therapeutics_inc_YMAB.md,"Y-mAbs Therapeutics, Inc.",YMAB,1722964,completed,"Perseus BidCo US, Inc.",SERB Pharmaceuticals (Stark International Lux),ok,tender offer,cash,2025-08-05,2025-08-04,2025-09-15,2025-09-16,2025,8.6,8.6,False,45438420.0,390.8,42,41,USD,False,,4.3,4.53,1.0,0.8985,0.0535,0.0535,0.87,111
zogenix_inc_zgnx.md,"ZOGENIX, INC.",ZGNX,1375151,completed,UCB S.A.,"UCB S.A. (société anonyme formed under the laws of Belgium; principal executive office: Allée de la Recherche, 60, 1070 Brussels, Belgium)",ok,tender offer,cash + CVR,2022-01-19,2022-01-18,2022-03-04,2022-03-07,2022,26.0,28.0,True,56125822.0,1459.3,47,44,USD,False,,13.98,15.93,0.8598,0.6321,0.1395,0.1622,1.06,115
zs_pharma_inc_ZSPH.md,"ZS Pharma, Inc.",ZSPH,1459266,completed,Zeneca Inc.,AstraZeneca PLC,ok,tender offer,cash,2015-11-06,2015-11-05,2015-12-16,2015-12-17,2015,90.0,90.0,False,25268932.0,2274.2,41,40,USD,False,,66.89,65.01,0.3455,0.3844,-0.0281,-0.0814,1.04,79
zymogenetics_inc_ZGEN.md,"ZYMOGENETICS, INC.",ZGEN,1129425,completed,Bristol-Myers Squibb Company,Bristol-Myers Squibb Company,ok,tender offer,cash,2010-09-07,2010-09-07,2010-10-07,2010-10-12,2010,9.75,9.75,False,86584072.0,844.2,35,30,USD,False,,4.08,5.51,1.3897,0.7695,0.3505,0.2522,1.21,110
